,,,,Tiempo total x Unidad,,,AVANCE GENERAL,,,,,,,,,,,,,,,,,,,,,,,,,,,,,,,,,,,,,,,,,,,,,,,,,,,,,,,,,,,,,,,,,,,,,,,,,,,,,,,,,,,,,,,,,,,,,,,,,,,,,,,,,,,,,,,,,,,,,,,,,,,,,,,,,,,,,,,,,,,,,,,,,,,,,,,,,,,,,,,,,,,,,
,,,,,,,EQUIPOS HIDROMECANICOS MC S.A de CV,,,,,,,,,,,,,,,,,,,,,,,,,,,,,,,,,,,,,,,,,,,,,,,,,,,,,,,,,,,,,,,,,,,,,,,,,,,,,,,,,,,,,,,,,,,,,,,,,,,,,,,,,,,,,,,,,,,,,,,,,,,,,,,,,,,,,,,,,,,,,,,,,,,,,,,,,,,,,,,,,,,,,
,,,,393:38:00,,,CANT. DE CHASIS,,,,511 UNIDADES,MARCA:,INTERNATIONAL,GENERAL ,,,,,,,,,,,,,,,,,,,,,,,,,,,,,,,,,,,,,,,,,,,,,,,,,,,,,,,,,,,,,,,,,,,,,,,,,,,,,,,,,,,,,,,,,,,,,,,,,,,,,,,,,,,,,,,,,,,,,,,,,,,,,,,,,,,,,,,,,,,,,,,,,,,,,,,,,,,,,,
,,,,,,,ORD. DE TRABAJO,,,,OT-001-2023,MODELO,2024,,,,,,,,,,,,,,,,,,,,,,,,,,,,,,,,,,,,,,,,,,,,,,,,,,,,,,,,,,,,,,,,,,,,,,,,,,,,,,,,,,,,,,,,,,,,,,,,,,,,,,,,,,,,,,,,,,,,,,,,,,,,,,,,,,,,,,,,,,,,,,,,,,,,,,,,,,,,,,,
,,,,,,,,,,,,,,,,,,,,,,,,,,,,,,,,,,,,,,,,,,,,,,,,,,,,,,,,,,,,,,,,,,,,,,,,,,,,,,,,,,,,,,,,,,,,,,,,,,,,,,,,,,,,,,,,,,,,,,,,,,,,,,,,,,,,,,,,,,,,,,,,,,,,,,,,,,,,,,,,,,,,,,,,,,,,
,,,,,,2.14%,,,,,,2.46%,,,,,,,,,,,,,,,,1.38%,,,,,,,,13.98%,,,,,#REF!,,,,,,,,,,,,,,,,,,,2.65%,,,,,,,,,,,,,,,,,,,,,,,0.47%,,,,64.10%,,,,,,,,,,,,,,,,,,,,,,,,,,,,,,,,,,,,,,,,0.68%,,,,,,,,,,,,,,,,,,,,,,,,,,,,,,,,0.51%,8.89%,,,,,,,,,,,,
,,,,,,ESTRUCTURALES,,,,,,ENSAMBLE ELECTRICO,,,,,,,,,,,,,,,,ENSAMBLE HIDRAULICO INFERIOR					,,,,,,,,ENSAMBLE PEDESTAL,,ENSAMBLE TORNAMESA,,,ENSAMBLE DE BRAZOS Y SIS. NIVELACION,,,,,,,,,,,,,,,,,,,ACABADOS PROCESOS,,,,,,,,,,,,,,,,,,,,,,,ACABADO FINAL,,,,TALLER DE CONEXIONES,,,,,,,,,,,,,,,,,,,,,TALLER DE MANGUERAS,,,,,,,,,,,,,,,,,,,PRUEBAS INICIALES,,,,,,,,,,,,,,,,,,,,,,,,,,,,,,,,DETALLES EN PINTURAS,PRUEBAS FINALES,,,,,,,,,,,,
N°,N° ALMACEN,VIN,%,N° consecutivo,División (R) Reubicada,Corte de chasis ,Montaje de carroceria,Estabilizadores,Complementos Carroceria,Complemento Tornamesa,Adicionales,Tablero,Toma de fuerza,Principal,Panel de control de cabina,Sistema de encendido,Control inferior de tornamesa,Luces de modulos ,Sis.encendido,Puesta Tierra,Alarmas,Luces muertas,Protecciones,estabilizadores,base fusibles ,brazo,Set Arneses,palanca de accionamiento PTO neumatico ,Bomba hidraulica,Valvula selenoide ,Valvula de control principal ,Valvula Auxiliar  ,Multiple  ,Conexiones rapidas ,Estabilizadores ,Deposito de aceite,Engrane - Balero,TORNAMESA HABILITADO,Valvula de 6 bancadas ,Cilindro de vaciado de canastilla,Brazo Inferior,Cilindro de elevación,Brazo superior,Ensamble,Cilindro de articulación,Cadenas ,Sistema de nivelación de canastillas,Valvulas de bloqueos,Canastilla piloto ,canastilla auxiliar ,Ensamble mangueras,Cilindro de rotacion de canastilla piloto ,Cilindro de rotación de canastilla auxiliar ,Sistema de winch-aguilon ,Gatillo de cont. sup.,valvula de control de accesorios superior ,válvula de control rortación canastilla auxiliar  ,Tornamesa brazos,Ajuste y calibracioón de nivelación,hule guardafango,hule loderas,hule cañuela,Hule tachoneado gabeta lado piloto y copiloto,hule u tope,cadena tipo victor,Tapa Estabilizador,Tapa Control inferior,hule sopor brazo inf,matracas,"liner de 24"" x 24""",grasa,tapa de f.v union de brazo,tapa de f.v de controles ,TAPAS DE WINCH,tapas galvanizada de puertos,tapa de cubre balero,Separadores,Trascabina,calcomanias de carrocería,placas de identificacion,Placa Tacones,Carrete,tapa de f.v de gatillo,hule soport brazo sup,hule red soport canast,Accesorios,Bomba hidraulica ,Valvula de retención/cilindro estabilizador,Valvula de 4 bancadas lado copiloto/estabili,Valvula 2 bancadas lado piloto/estabilizador,Válvula de Estabilizadores,Filtro ret. dep aceite,Llave de paso,Múltiple de presión,Válvula de control inferior,Cilin. Vaciado,Válv de segur de cilin de vaciado canasT.,Motor de rotación,Valv de contrabal de motor rotac,Cilindro de elevación,Cilindro de articulación,Cilindro estabilizador,Válv de bloqueo de brz,Válvula de control superior,Valvula de control superior Winch aguilon,VALVULA DE 2 BANCADAS ( ROTACION DE CANASTILLA COPILOTO,Valvula de herr. control sup,Bomba hidráulica,Válvula de alivio principal,Válvula de selección herram - grúa,Prolongación de válvula de  presión ,Manguera de retorno válvula a válula , Válvula de cotrol a válvula de seguridad para estabilizadores delanteros ,Válvula de control a válvula de seguridad para esabilizadores traseros,Válvula de seguridad a puerto de estabilizadores traseros ,Válvula de seguridad a puerto de estabilizadores delanteros ,Multiple de presion,Filtro de retorno,Válvula de control inferior,Válv vaciado de canastilla en contrl inf,Cilindros,Control inferior / control sup,Valv.selecc y paro,Válvula de control superior,Valvula de accesorios en control sup,Manguera torbi ,Revisar Toma de fuerza,Revisar Bombas,Revisar Valvula seleccion de herramientas,Revisión de valvulas de control de estabilizadores ,Revisión de valvulas de seguridad cilindros de estabizadores ,Revisión de cilindros estabilizadores ,Revisar Control inferior ,Revisar multiple de presion,Revisar Pedestal,Revisar Motor de rotacion,Revisar Reductor de rotación,Revisar valvula de contrabalance,Revisar el cilindro de vaciado,Revisar el cilindro de elevación,Revisar interior de brazos,Revisar bloqueos de brazos,Revisar cadenas y alambre de seguridad,Revisar terminales y tensores,Revisar cilindro de articulación,Revisar valvulas de controles superior,Revisión de  rotación de canastilla ,Revisión de cilindros de rotación de canastilla ,Revisión de valvula para accionamiento winch ,Revision de motor y reductor de winch ,Revisiónd de control aguilón ,Revisión ciolindro de aguilon,Revisar gatillos,Revisar valvula de herramienta,Revisar canastillas,Revisar Liners,Revision de nivel de aceite,Liberación,PINTADO DE CORROCERIA,Pruebas operacionales Tiempos,Pruebas de estabilidad a 5 Grados ,Pruebas de estabilidad nivelada,pruebas de carga de winch ,Pruebas de aceite,Pruebas de adherencia de pintura,Pruebas de espesores de pintura,Pruebas de etiquetado,Dielectricas de brazos,Dielectrica Gatillos,Dielectrica de linner,Detalles,Papeleos
,,,,,,101,101,101,100,100,100,139,68,129,125,139,81,69,86,68,71,81,81,68,103,53,69,66,66,66,65,65,65,66,66,66,66,65,65,65,67,59,61,170,61,150,61,61,61,61,59,61,61,40,61,61,61,61,58,63,56,60,59,60,55,60,53,54,52,55,56,50,52,47,47,58,57,58,50,50,60,61,50,50,59,47,75,170,170,170,145,66,66,80,170,170,75,75,75,65,66,66,66,66,105,105,66,66,66,66,66,66,66,66,66,66,65,66,66,66,66,66,66,66,66,66,56,56,56,56,56,56,56,56,56,56,56,56,56,56,56,56,56,56,56,56,56,56,56,56,56,56,56,56,56,56,56,50,47,50,50,50,50,50,50,50,50,50,50,50,50,50
,,,,Ponderación,#REF!,0.72%,1.02%,0.08%,0.13%,0.11%,0.08%,0.02%,0.06%,0.04%,0.13%,0.19%,0.15%,0.91%,0.19%,0.15%,0.13%,0.06%,0.11%,0.17%,0.02%,0.11%,0.02%,0.30%,0.17%,0.08%,0.34%,0.13%,0.13%,0.08%,0.15%,0.61%,0.34%,12.55%,0.20%,0.28%,0.14%,0.34%,0.44%,#REF!,0.13%,0.02%,0.61%,0.17%,0.06%,0.06%,0.02%,0.08%,0.08%,0.13%,0.13%,0.08%,0.06%,0.04%,0.15%,0.15%,0.04%,0.21%,0.13%,0.06%,0.30%,0.04%,0.08%,0.08%,0.02%,0.02%,0.06%,0.11%,0.04%,0.04%,0.06%,0.02%,0.06%,0.13%,0.74%,0.13%,0.06%,0.04%,0.08%,0.08%,0.08%,0.22%,0.08%,0.06%,0.06%,0.06%,0.04%,0.08%,0.08%,0.14%,0.11%,0.07%,0.05%,0.02%,0.05%,0.13%,0.13%,0.04%,0.06%,0.17%,0.13%,0.13%,0.13%,0.09%,0.06%,0.03%,0.02%,0.02%,0.08%,0.08%,24.39%,24.39%,12.19%,0.06%,0.13%,0.06%,0.08%,0.28%,0.03%,0.07%,0.12%,0.09%,0.02%,0.02%,0.02%,0.02%,0.02%,0.02%,0.02%,0.02%,0.02%,0.02%,0.02%,0.02%,0.02%,0.02%,0.02%,0.02%,0.02%,0.02%,0.02%,0.02%,0.02%,0.02%,0.02%,0.02%,0.02%,0.02%,0.02%,0.02%,0.02%,0.02%,0.02%,0.02%,0.51%,1.69%,0.68%,0.68%,0.08%,0.68%,0.76%,0.59%,0.76%,0.76%,0.76%,0.42%,0.85%,0.17%
,,,,Tiempo por ensamble,,2:50:00,4:00:00,0:20:00,0:30:00,0:25:00,0:20:00,0:05:00,0:15:00,0:10:00,0:30:00,0:45:00,0:35:00,3:35:00,0:45:00,0:35:00,0:30:00,0:15:00,0:25:00,0:40:00,0:05:00,0:25:00,0:05:00,1:10:00,0:40:00,0:20:00,1:20:00,0:30:00,0:30:00,0:20:00,0:35:00,2:25:00,1:20:00,49:24:00,0:48:00,1:05:00,0:32:00,1:20:00,1:43:00,#REF!,0:30:00,0:05:00,2:25:00,0:40:00,0:15:00,0:15:00,0:05:00,0:20:00,0:20:00,0:30:00,0:30:00,0:20:00,0:15:00,0:10:00,0:36:00,0:35:00,0:10:00,0:50:00,0:30:00,0:15:00,1:10:00,0:10:00,0:20:00,0:20:00,0:05:00,0:05:00,0:15:00,0:25:00,0:10:00,0:10:00,0:15:00,0:05:00,0:15:00,0:30:00,2:55:00,0:30:00,0:15:00,0:10:00,0:20:00,0:20:00,0:20:00,0:52:00,0:19:00,0:15:00,0:15:00,0:15:00,0:09:00,0:20:00,0:20:00,0:33:00,0:26:00,0:16:00,0:12:00,0:05:00,0:12:00,0:30:00,0:30:00,0:10:00,0:14:00,0:40:00,0:30:00,0:30:00,0:30:00,0:21:00,0:13:00,0:08:00,0:05:00,0:05:00,0:20:00,0:20:00,96:00:00,96:00:00,48:00:00,0:15:00,0:30:00,0:14:00,0:18:00,1:05:00,0:08:00,0:16:00,0:28:00,0:21:00,0:05:00,0:05:00,0:05:00,0:05:00,0:05:00,0:05:00,0:05:00,0:05:00,0:05:00,0:05:00,0:05:00,0:05:00,0:05:00,0:05:00,0:05:00,0:05:00,0:05:00,0:05:00,0:05:00,0:05:00,0:05:00,0:05:00,0:05:00,0:05:00,0:05:00,0:05:00,0:05:00,0:05:00,0:05:00,0:05:00,0:05:00,0:05:00,2:00:00,6:40:00,2:40:00,2:40:00,0:20:00,2:40:00,3:00:00,2:20:00,3:00:00,3:00:00,3:00:00,1:40:00,3:20:00,0:40:00
001,150-342,3HAEUMMR5SL145143,100%,1,JALISCO,0.72%,1.02%,0.08%,0.13%,0.11%,0.08%,0.02%,0.06%,0.04%,0.13%,0.19%,0.15%,0.91%,0.19%,0.15%,0.13%,0.06%,0.11%,0.17%,0.02%,0.11%,0.02%,0.30%,0.17%,0.08%,0.34%,0.13%,0.13%,0.08%,0.15%,0.61%,0.34%,12.55%,0.20%,0.28%,0.14%,0.34%,0.44%,#REF!,0.13%,0.02%,0.61%,0.17%,0.06%,0.06%,0.02%,0.08%,0.08%,0.13%,0.13%,0.08%,0.06%,0.04%,0.15%,0.15%,0.04%,0.21%,0.13%,0.06%,0.30%,0.04%,0.08%,0.08%,0.02%,0.02%,0.06%,0.11%,0.04%,0.04%,0.06%,0.02%,0.06%,0.13%,0.74%,0.13%,0.06%,0.04%,0.08%,0.08%,0.08%,0.22%,0.08%,0.06%,0.06%,0.06%,0.04%,0.08%,0.08%,0.14%,0.11%,0.07%,0.05%,0.02%,0.05%,0.13%,0.13%,0.04%,0.06%,0.17%,0.13%,0.13%,0.13%,0.09%,0.06%,0.03%,0.02%,0.02%,0.08%,0.08%,24.39%,24.39%,12.19%,0.06%,0.13%,0.06%,0.08%,0.28%,0.03%,0.07%,0.12%,0.09%,0.02%,0.02%,0.02%,0.02%,0.02%,0.02%,0.02%,0.02%,0.02%,0.02%,0.02%,0.02%,0.02%,0.02%,0.02%,0.02%,0.02%,0.02%,0.02%,0.02%,0.02%,0.02%,0.02%,0.02%,0.02%,0.02%,0.02%,0.02%,0.02%,0.02%,0.02%,0.02%,0.51%,1.69%,0.68%,0.68%,0.08%,0.68%,0.76%,0.59%,0.76%,0.76%,0.76%,0.42%,0.85%,0.17%
002,150-343,3HAEUMMR6SL145202,100%,2,JALISCO,0.72%,1.02%,0.08%,0.13%,0.11%,0.08%,0.02%,0.06%,0.04%,0.13%,0.19%,0.15%,0.91%,0.19%,0.15%,0.13%,0.06%,0.11%,0.17%,0.02%,0.11%,0.02%,0.30%,0.17%,0.08%,0.34%,0.13%,0.13%,0.08%,0.15%,0.61%,0.34%,12.55%,0.20%,0.28%,0.14%,0.34%,0.44%,#REF!,0.13%,0.02%,0.61%,0.17%,0.06%,0.06%,0.02%,0.08%,0.08%,0.13%,0.13%,0.08%,0.06%,0.04%,0.15%,0.15%,0.04%,0.21%,0.13%,0.06%,0.30%,0.04%,0.08%,0.08%,0.02%,0.02%,0.06%,0.11%,0.04%,0.04%,0.06%,0.02%,0.06%,0.13%,0.74%,0.13%,0.06%,0.04%,0.08%,0.08%,0.08%,0.22%,0.08%,0.06%,0.06%,0.06%,0.04%,0.08%,0.08%,0.14%,0.11%,0.07%,0.05%,0.02%,0.05%,0.13%,0.13%,0.04%,0.06%,0.17%,0.13%,0.13%,0.13%,0.09%,0.06%,0.03%,0.02%,0.02%,0.08%,0.08%,24.39%,24.39%,12.19%,0.06%,0.13%,0.06%,0.08%,0.28%,0.03%,0.07%,0.12%,0.09%,0.02%,0.02%,0.02%,0.02%,0.02%,0.02%,0.02%,0.02%,0.02%,0.02%,0.02%,0.02%,0.02%,0.02%,0.02%,0.02%,0.02%,0.02%,0.02%,0.02%,0.02%,0.02%,0.02%,0.02%,0.02%,0.02%,0.02%,0.02%,0.02%,0.02%,0.02%,0.02%,0.51%,1.69%,0.68%,0.68%,0.08%,0.68%,0.76%,0.59%,0.76%,0.76%,0.76%,0.42%,0.85%,0.17%
003,150-344,3HAEUMMRXSL145204,100%,3,JALISCO,0.72%,1.02%,0.08%,0.13%,0.11%,0.08%,0.02%,0.06%,0.04%,0.13%,0.19%,0.15%,0.91%,0.19%,0.15%,0.13%,0.06%,0.11%,0.17%,0.02%,0.11%,0.02%,0.30%,0.17%,0.08%,0.34%,0.13%,0.13%,0.08%,0.15%,0.61%,0.34%,12.55%,0.20%,0.28%,0.14%,0.34%,0.44%,#REF!,0.13%,0.02%,0.61%,0.17%,0.06%,0.06%,0.02%,0.08%,0.08%,0.13%,0.13%,0.08%,0.06%,0.04%,0.15%,0.15%,0.04%,0.21%,0.13%,0.06%,0.30%,0.04%,0.08%,0.08%,0.02%,0.02%,0.06%,0.11%,0.04%,0.04%,0.06%,0.02%,0.06%,0.13%,0.74%,0.13%,0.06%,0.04%,0.08%,0.08%,0.08%,0.22%,0.08%,0.06%,0.06%,0.06%,0.04%,0.08%,0.08%,0.14%,0.11%,0.07%,0.05%,0.02%,0.05%,0.13%,0.13%,0.04%,0.06%,0.17%,0.13%,0.13%,0.13%,0.09%,0.06%,0.03%,0.02%,0.02%,0.08%,0.08%,24.39%,24.39%,12.19%,0.06%,0.13%,0.06%,0.08%,0.28%,0.03%,0.07%,0.12%,0.09%,0.02%,0.02%,0.02%,0.02%,0.02%,0.02%,0.02%,0.02%,0.02%,0.02%,0.02%,0.02%,0.02%,0.02%,0.02%,0.02%,0.02%,0.02%,0.02%,0.02%,0.02%,0.02%,0.02%,0.02%,0.02%,0.02%,0.02%,0.02%,0.02%,0.02%,0.02%,0.02%,0.51%,1.69%,0.68%,0.68%,0.08%,0.68%,0.76%,0.59%,0.76%,0.76%,0.76%,0.42%,0.85%,0.17%
004,150-345,3HAEUMMR7SL145080,100%,4,JALISCO,0.72%,1.02%,0.08%,0.13%,0.11%,0.08%,0.02%,0.06%,0.04%,0.13%,0.19%,0.15%,0.91%,0.19%,0.15%,0.13%,0.06%,0.11%,0.17%,0.02%,0.11%,0.02%,0.30%,0.17%,0.08%,0.34%,0.13%,0.13%,0.08%,0.15%,0.61%,0.34%,12.55%,0.20%,0.28%,0.14%,0.34%,0.44%,#REF!,0.13%,0.02%,0.61%,0.17%,0.06%,0.06%,0.02%,0.08%,0.08%,0.13%,0.13%,0.08%,0.06%,0.04%,0.15%,0.15%,0.04%,0.21%,0.13%,0.06%,0.30%,0.04%,0.08%,0.08%,0.02%,0.02%,0.06%,0.11%,0.04%,0.04%,0.06%,0.02%,0.06%,0.13%,0.74%,0.13%,0.06%,0.04%,0.08%,0.08%,0.08%,0.22%,0.08%,0.06%,0.06%,0.06%,0.04%,0.08%,0.08%,0.14%,0.11%,0.07%,0.05%,0.02%,0.05%,0.13%,0.13%,0.04%,0.06%,0.17%,0.13%,0.13%,0.13%,0.09%,0.06%,0.03%,0.02%,0.02%,0.08%,0.08%,24.39%,24.39%,12.19%,0.06%,0.13%,0.06%,0.08%,0.28%,0.03%,0.07%,0.12%,0.09%,0.02%,0.02%,0.02%,0.02%,0.02%,0.02%,0.02%,0.02%,0.02%,0.02%,0.02%,0.02%,0.02%,0.02%,0.02%,0.02%,0.02%,0.02%,0.02%,0.02%,0.02%,0.02%,0.02%,0.02%,0.02%,0.02%,0.02%,0.02%,0.02%,0.02%,0.02%,0.02%,0.51%,1.69%,0.68%,0.68%,0.08%,0.68%,0.76%,0.59%,0.76%,0.76%,0.76%,0.42%,0.85%,0.17%
005,150-346,3HAEUMMR7SL145130,100%,5,JALISCO,0.72%,1.02%,0.08%,0.13%,0.11%,0.08%,0.02%,0.06%,0.04%,0.13%,0.19%,0.15%,0.91%,0.19%,0.15%,0.13%,0.06%,0.11%,0.17%,0.02%,0.11%,0.02%,0.30%,0.17%,0.08%,0.34%,0.13%,0.13%,0.08%,0.15%,0.61%,0.34%,12.55%,0.20%,0.28%,0.14%,0.34%,0.44%,#REF!,0.13%,0.02%,0.61%,0.17%,0.06%,0.06%,0.02%,0.08%,0.08%,0.13%,0.13%,0.08%,0.06%,0.04%,0.15%,0.15%,0.04%,0.21%,0.13%,0.06%,0.30%,0.04%,0.08%,0.08%,0.02%,0.02%,0.06%,0.11%,0.04%,0.04%,0.06%,0.02%,0.06%,0.13%,0.74%,0.13%,0.06%,0.04%,0.08%,0.08%,0.08%,0.22%,0.08%,0.06%,0.06%,0.06%,0.04%,0.08%,0.08%,0.14%,0.11%,0.07%,0.05%,0.02%,0.05%,0.13%,0.13%,0.04%,0.06%,0.17%,0.13%,0.13%,0.13%,0.09%,0.06%,0.03%,0.02%,0.02%,0.08%,0.08%,24.39%,24.39%,12.19%,0.06%,0.13%,0.06%,0.08%,0.28%,0.03%,0.07%,0.12%,0.09%,0.02%,0.02%,0.02%,0.02%,0.02%,0.02%,0.02%,0.02%,0.02%,0.02%,0.02%,0.02%,0.02%,0.02%,0.02%,0.02%,0.02%,0.02%,0.02%,0.02%,0.02%,0.02%,0.02%,0.02%,0.02%,0.02%,0.02%,0.02%,0.02%,0.02%,0.02%,0.02%,0.51%,1.69%,0.68%,0.68%,0.08%,0.68%,0.76%,0.59%,0.76%,0.76%,0.76%,0.42%,0.85%,0.17%
006,150-347,3HAEUMMR1SL143616,100%,6,JALISCO,0.72%,1.02%,0.08%,0.13%,0.11%,0.08%,0.02%,0.06%,0.04%,0.13%,0.19%,0.15%,0.91%,0.19%,0.15%,0.13%,0.06%,0.11%,0.17%,0.02%,0.11%,0.02%,0.30%,0.17%,0.08%,0.34%,0.13%,0.13%,0.08%,0.15%,0.61%,0.34%,12.55%,0.20%,0.28%,0.14%,0.34%,0.44%,#REF!,0.13%,0.02%,0.61%,0.17%,0.06%,0.06%,0.02%,0.08%,0.08%,0.13%,0.13%,0.08%,0.06%,0.04%,0.15%,0.15%,0.04%,0.21%,0.13%,0.06%,0.30%,0.04%,0.08%,0.08%,0.02%,0.02%,0.06%,0.11%,0.04%,0.04%,0.06%,0.02%,0.06%,0.13%,0.74%,0.13%,0.06%,0.04%,0.08%,0.08%,0.08%,0.22%,0.08%,0.06%,0.06%,0.06%,0.04%,0.08%,0.08%,0.14%,0.11%,0.07%,0.05%,0.02%,0.05%,0.13%,0.13%,0.04%,0.06%,0.17%,0.13%,0.13%,0.13%,0.09%,0.06%,0.03%,0.02%,0.02%,0.08%,0.08%,24.39%,24.39%,12.19%,0.06%,0.13%,0.06%,0.08%,0.28%,0.03%,0.07%,0.12%,0.09%,0.02%,0.02%,0.02%,0.02%,0.02%,0.02%,0.02%,0.02%,0.02%,0.02%,0.02%,0.02%,0.02%,0.02%,0.02%,0.02%,0.02%,0.02%,0.02%,0.02%,0.02%,0.02%,0.02%,0.02%,0.02%,0.02%,0.02%,0.02%,0.02%,0.02%,0.02%,0.02%,0.51%,1.69%,0.68%,0.68%,0.08%,0.68%,0.76%,0.59%,0.76%,0.76%,0.76%,0.42%,0.85%,0.17%
007,150-348,3HAEUMMR7SL143684,100%,1,NOROESTE,0.72%,1.02%,0.08%,0.13%,0.11%,0.08%,0.02%,0.06%,0.04%,0.13%,0.19%,0.15%,0.91%,0.19%,0.15%,0.13%,0.06%,0.11%,0.17%,0.02%,0.11%,0.02%,0.30%,0.17%,0.08%,0.34%,0.13%,0.13%,0.08%,0.15%,0.61%,0.34%,12.55%,0.20%,0.28%,0.14%,0.34%,0.44%,#REF!,0.13%,0.02%,0.61%,0.17%,0.06%,0.06%,0.02%,0.08%,0.08%,0.13%,0.13%,0.08%,0.06%,0.04%,0.15%,0.15%,0.04%,0.21%,0.13%,0.06%,0.30%,0.04%,0.08%,0.08%,0.02%,0.02%,0.06%,0.11%,0.04%,0.04%,0.06%,0.02%,0.06%,0.13%,0.74%,0.13%,0.06%,0.04%,0.08%,0.08%,0.08%,0.22%,0.08%,0.06%,0.06%,0.06%,0.04%,0.08%,0.08%,0.14%,0.11%,0.07%,0.05%,0.02%,0.05%,0.13%,0.13%,0.04%,0.06%,0.17%,0.13%,0.13%,0.13%,0.09%,0.06%,0.03%,0.02%,0.02%,0.08%,0.08%,24.39%,24.39%,12.19%,0.06%,0.13%,0.06%,0.08%,0.28%,0.03%,0.07%,0.12%,0.09%,0.02%,0.02%,0.02%,0.02%,0.02%,0.02%,0.02%,0.02%,0.02%,0.02%,0.02%,0.02%,0.02%,0.02%,0.02%,0.02%,0.02%,0.02%,0.02%,0.02%,0.02%,0.02%,0.02%,0.02%,0.02%,0.02%,0.02%,0.02%,0.02%,0.02%,0.02%,0.02%,0.51%,1.69%,0.68%,0.68%,0.08%,0.68%,0.76%,0.59%,0.76%,0.76%,0.76%,0.42%,0.85%,0.17%
008,150-349,3HAEUMMR2SL143947,100%,2,NOROESTE,0.72%,1.02%,0.08%,0.13%,0.11%,0.08%,0.02%,0.06%,0.04%,0.13%,0.19%,0.15%,0.91%,0.19%,0.15%,0.13%,0.06%,0.11%,0.17%,0.02%,0.11%,0.02%,0.30%,0.17%,0.08%,0.34%,0.13%,0.13%,0.08%,0.15%,0.61%,0.34%,12.55%,0.20%,0.28%,0.14%,0.34%,0.44%,#REF!,0.13%,0.02%,0.61%,0.17%,0.06%,0.06%,0.02%,0.08%,0.08%,0.13%,0.13%,0.08%,0.06%,0.04%,0.15%,0.15%,0.04%,0.21%,0.13%,0.06%,0.30%,0.04%,0.08%,0.08%,0.02%,0.02%,0.06%,0.11%,0.04%,0.04%,0.06%,0.02%,0.06%,0.13%,0.74%,0.13%,0.06%,0.04%,0.08%,0.08%,0.08%,0.22%,0.08%,0.06%,0.06%,0.06%,0.04%,0.08%,0.08%,0.14%,0.11%,0.07%,0.05%,0.02%,0.05%,0.13%,0.13%,0.04%,0.06%,0.17%,0.13%,0.13%,0.13%,0.09%,0.06%,0.03%,0.02%,0.02%,0.08%,0.08%,24.39%,24.39%,12.19%,0.06%,0.13%,0.06%,0.08%,0.28%,0.03%,0.07%,0.12%,0.09%,0.02%,0.02%,0.02%,0.02%,0.02%,0.02%,0.02%,0.02%,0.02%,0.02%,0.02%,0.02%,0.02%,0.02%,0.02%,0.02%,0.02%,0.02%,0.02%,0.02%,0.02%,0.02%,0.02%,0.02%,0.02%,0.02%,0.02%,0.02%,0.02%,0.02%,0.02%,0.02%,0.51%,1.69%,0.68%,0.68%,0.08%,0.68%,0.76%,0.59%,0.76%,0.76%,0.76%,0.42%,0.85%,0.17%
009,150-350,3HAEUMMR7SL144396,100%,3,NOROESTE,0.72%,1.02%,0.08%,0.13%,0.11%,0.08%,0.02%,0.06%,0.04%,0.13%,0.19%,0.15%,0.91%,0.19%,0.15%,0.13%,0.06%,0.11%,0.17%,0.02%,0.11%,0.02%,0.30%,0.17%,0.08%,0.34%,0.13%,0.13%,0.08%,0.15%,0.61%,0.34%,12.55%,0.20%,0.28%,0.14%,0.34%,0.44%,#REF!,0.13%,0.02%,0.61%,0.17%,0.06%,0.06%,0.02%,0.08%,0.08%,0.13%,0.13%,0.08%,0.06%,0.04%,0.15%,0.15%,0.04%,0.21%,0.13%,0.06%,0.30%,0.04%,0.08%,0.08%,0.02%,0.02%,0.06%,0.11%,0.04%,0.04%,0.06%,0.02%,0.06%,0.13%,0.74%,0.13%,0.06%,0.04%,0.08%,0.08%,0.08%,0.22%,0.08%,0.06%,0.06%,0.06%,0.04%,0.08%,0.08%,0.14%,0.11%,0.07%,0.05%,0.02%,0.05%,0.13%,0.13%,0.04%,0.06%,0.17%,0.13%,0.13%,0.13%,0.09%,0.06%,0.03%,0.02%,0.02%,0.08%,0.08%,24.39%,24.39%,12.19%,0.06%,0.13%,0.06%,0.08%,0.28%,0.03%,0.07%,0.12%,0.09%,0.02%,0.02%,0.02%,0.02%,0.02%,0.02%,0.02%,0.02%,0.02%,0.02%,0.02%,0.02%,0.02%,0.02%,0.02%,0.02%,0.02%,0.02%,0.02%,0.02%,0.02%,0.02%,0.02%,0.02%,0.02%,0.02%,0.02%,0.02%,0.02%,0.02%,0.02%,0.02%,0.51%,1.69%,0.68%,0.68%,0.08%,0.68%,0.76%,0.59%,0.76%,0.76%,0.76%,0.42%,0.85%,0.17%
010,150-351,3HAEUMMR7SL144074,100%,4,NOROESTE,0.72%,1.02%,0.08%,0.13%,0.11%,0.08%,0.02%,0.06%,0.04%,0.13%,0.19%,0.15%,0.91%,0.19%,0.15%,0.13%,0.06%,0.11%,0.17%,0.02%,0.11%,0.02%,0.30%,0.17%,0.08%,0.34%,0.13%,0.13%,0.08%,0.15%,0.61%,0.34%,12.55%,0.20%,0.28%,0.14%,0.34%,0.44%,#REF!,0.13%,0.02%,0.61%,0.17%,0.06%,0.06%,0.02%,0.08%,0.08%,0.13%,0.13%,0.08%,0.06%,0.04%,0.15%,0.15%,0.04%,0.21%,0.13%,0.06%,0.30%,0.04%,0.08%,0.08%,0.02%,0.02%,0.06%,0.11%,0.04%,0.04%,0.06%,0.02%,0.06%,0.13%,0.74%,0.13%,0.06%,0.04%,0.08%,0.08%,0.08%,0.22%,0.08%,0.06%,0.06%,0.06%,0.04%,0.08%,0.08%,0.14%,0.11%,0.07%,0.05%,0.02%,0.05%,0.13%,0.13%,0.04%,0.06%,0.17%,0.13%,0.13%,0.13%,0.09%,0.06%,0.03%,0.02%,0.02%,0.08%,0.08%,24.39%,24.39%,12.19%,0.06%,0.13%,0.06%,0.08%,0.28%,0.03%,0.07%,0.12%,0.09%,0.02%,0.02%,0.02%,0.02%,0.02%,0.02%,0.02%,0.02%,0.02%,0.02%,0.02%,0.02%,0.02%,0.02%,0.02%,0.02%,0.02%,0.02%,0.02%,0.02%,0.02%,0.02%,0.02%,0.02%,0.02%,0.02%,0.02%,0.02%,0.02%,0.02%,0.02%,0.02%,0.51%,1.69%,0.68%,0.68%,0.08%,0.68%,0.76%,0.59%,0.76%,0.76%,0.76%,0.42%,0.85%,0.17%
011,150-352,3HAEUMMR4SL143254,100%,5,NOROESTE,0.72%,1.02%,0.08%,0.13%,0.11%,0.08%,0.02%,0.06%,0.04%,0.13%,0.19%,0.15%,0.91%,0.19%,0.15%,0.13%,0.06%,0.11%,0.17%,0.02%,0.11%,0.02%,0.30%,0.17%,0.08%,0.34%,0.13%,0.13%,0.08%,0.15%,0.61%,0.34%,12.55%,0.20%,0.28%,0.14%,0.34%,0.44%,#REF!,0.13%,0.02%,0.61%,0.17%,0.06%,0.06%,0.02%,0.08%,0.08%,0.13%,0.13%,0.08%,0.06%,0.04%,0.15%,0.15%,0.04%,0.21%,0.13%,0.06%,0.30%,0.04%,0.08%,0.08%,0.02%,0.02%,0.06%,0.11%,0.04%,0.04%,0.06%,0.02%,0.06%,0.13%,0.74%,0.13%,0.06%,0.04%,0.08%,0.08%,0.08%,0.22%,0.08%,0.06%,0.06%,0.06%,0.04%,0.08%,0.08%,0.14%,0.11%,0.07%,0.05%,0.02%,0.05%,0.13%,0.13%,0.04%,0.06%,0.17%,0.13%,0.13%,0.13%,0.09%,0.06%,0.03%,0.02%,0.02%,0.08%,0.08%,24.39%,24.39%,12.19%,0.06%,0.13%,0.06%,0.08%,0.28%,0.03%,0.07%,0.12%,0.09%,0.02%,0.02%,0.02%,0.02%,0.02%,0.02%,0.02%,0.02%,0.02%,0.02%,0.02%,0.02%,0.02%,0.02%,0.02%,0.02%,0.02%,0.02%,0.02%,0.02%,0.02%,0.02%,0.02%,0.02%,0.02%,0.02%,0.02%,0.02%,0.02%,0.02%,0.02%,0.02%,0.51%,1.69%,0.68%,0.68%,0.08%,0.68%,0.76%,0.59%,0.76%,0.76%,0.76%,0.42%,0.85%,0.17%
012,150-353,3HAEUMMR0SL143980,100%,6,NOROESTE,0.72%,1.02%,0.08%,0.13%,0.11%,0.08%,0.02%,0.06%,0.04%,0.13%,0.19%,0.15%,0.91%,0.19%,0.15%,0.13%,0.06%,0.11%,0.17%,0.02%,0.11%,0.02%,0.30%,0.17%,0.08%,0.34%,0.13%,0.13%,0.08%,0.15%,0.61%,0.34%,12.55%,0.20%,0.28%,0.14%,0.34%,0.44%,#REF!,0.13%,0.02%,0.61%,0.17%,0.06%,0.06%,0.02%,0.08%,0.08%,0.13%,0.13%,0.08%,0.06%,0.04%,0.15%,0.15%,0.04%,0.21%,0.13%,0.06%,0.30%,0.04%,0.08%,0.08%,0.02%,0.02%,0.06%,0.11%,0.04%,0.04%,0.06%,0.02%,0.06%,0.13%,0.74%,0.13%,0.06%,0.04%,0.08%,0.08%,0.08%,0.22%,0.08%,0.06%,0.06%,0.06%,0.04%,0.08%,0.08%,0.14%,0.11%,0.07%,0.05%,0.02%,0.05%,0.13%,0.13%,0.04%,0.06%,0.17%,0.13%,0.13%,0.13%,0.09%,0.06%,0.03%,0.02%,0.02%,0.08%,0.08%,24.39%,24.39%,12.19%,0.06%,0.13%,0.06%,0.08%,0.28%,0.03%,0.07%,0.12%,0.09%,0.02%,0.02%,0.02%,0.02%,0.02%,0.02%,0.02%,0.02%,0.02%,0.02%,0.02%,0.02%,0.02%,0.02%,0.02%,0.02%,0.02%,0.02%,0.02%,0.02%,0.02%,0.02%,0.02%,0.02%,0.02%,0.02%,0.02%,0.02%,0.02%,0.02%,0.02%,0.02%,0.51%,1.69%,0.68%,0.68%,0.08%,0.68%,0.76%,0.59%,0.76%,0.76%,0.76%,0.42%,0.85%,0.17%
013,150-354,3HAEUMMR4SL143576,100%,7,NOROESTE,0.72%,1.02%,0.08%,0.13%,0.11%,0.08%,0.02%,0.06%,0.04%,0.13%,0.19%,0.15%,0.91%,0.19%,0.15%,0.13%,0.06%,0.11%,0.17%,0.02%,0.11%,0.02%,0.30%,0.17%,0.08%,0.34%,0.13%,0.13%,0.08%,0.15%,0.61%,0.34%,12.55%,0.20%,0.28%,0.14%,0.34%,0.44%,#REF!,0.13%,0.02%,0.61%,0.17%,0.06%,0.06%,0.02%,0.08%,0.08%,0.13%,0.13%,0.08%,0.06%,0.04%,0.15%,0.15%,0.04%,0.21%,0.13%,0.06%,0.30%,0.04%,0.08%,0.08%,0.02%,0.02%,0.06%,0.11%,0.04%,0.04%,0.06%,0.02%,0.06%,0.13%,0.74%,0.13%,0.06%,0.04%,0.08%,0.08%,0.08%,0.22%,0.08%,0.06%,0.06%,0.06%,0.04%,0.08%,0.08%,0.14%,0.11%,0.07%,0.05%,0.02%,0.05%,0.13%,0.13%,0.04%,0.06%,0.17%,0.13%,0.13%,0.13%,0.09%,0.06%,0.03%,0.02%,0.02%,0.08%,0.08%,24.39%,24.39%,12.19%,0.06%,0.13%,0.06%,0.08%,0.28%,0.03%,0.07%,0.12%,0.09%,0.02%,0.02%,0.02%,0.02%,0.02%,0.02%,0.02%,0.02%,0.02%,0.02%,0.02%,0.02%,0.02%,0.02%,0.02%,0.02%,0.02%,0.02%,0.02%,0.02%,0.02%,0.02%,0.02%,0.02%,0.02%,0.02%,0.02%,0.02%,0.02%,0.02%,0.02%,0.02%,0.51%,1.69%,0.68%,0.68%,0.08%,0.68%,0.76%,0.59%,0.76%,0.76%,0.76%,0.42%,0.85%,0.17%
014,150-355,3HAEUMMR1SL144913,100%,1,BAJA CALIFORNIA,0.72%,1.02%,0.08%,0.13%,0.11%,0.08%,0.02%,0.06%,0.04%,0.13%,0.19%,0.15%,0.91%,0.19%,0.15%,0.13%,0.06%,0.11%,0.17%,0.02%,0.11%,0.02%,0.30%,0.17%,0.08%,0.34%,0.13%,0.13%,0.08%,0.15%,0.61%,0.34%,12.55%,0.20%,0.28%,0.14%,0.34%,0.44%,#REF!,0.13%,0.02%,0.61%,0.17%,0.06%,0.06%,0.02%,0.08%,0.08%,0.13%,0.13%,0.08%,0.06%,0.04%,0.15%,0.15%,0.04%,0.21%,0.13%,0.06%,0.30%,0.04%,0.08%,0.08%,0.02%,0.02%,0.06%,0.11%,0.04%,0.04%,0.06%,0.02%,0.06%,0.13%,0.74%,0.13%,0.06%,0.04%,0.08%,0.08%,0.08%,0.22%,0.08%,0.06%,0.06%,0.06%,0.04%,0.08%,0.08%,0.14%,0.11%,0.07%,0.05%,0.02%,0.05%,0.13%,0.13%,0.04%,0.06%,0.17%,0.13%,0.13%,0.13%,0.09%,0.06%,0.03%,0.02%,0.02%,0.08%,0.08%,24.39%,24.39%,12.19%,0.06%,0.13%,0.06%,0.08%,0.28%,0.03%,0.07%,0.12%,0.09%,0.02%,0.02%,0.02%,0.02%,0.02%,0.02%,0.02%,0.02%,0.02%,0.02%,0.02%,0.02%,0.02%,0.02%,0.02%,0.02%,0.02%,0.02%,0.02%,0.02%,0.02%,0.02%,0.02%,0.02%,0.02%,0.02%,0.02%,0.02%,0.02%,0.02%,0.02%,0.02%,0.51%,1.69%,0.68%,0.68%,0.08%,0.68%,0.76%,0.59%,0.76%,0.76%,0.76%,0.42%,0.85%,0.17%
015,150-356,3HAEUMMR1SL143020,100%,2,BAJA CALIFORNIA,0.72%,1.02%,0.08%,0.13%,0.11%,0.08%,0.02%,0.06%,0.04%,0.13%,0.19%,0.15%,0.91%,0.19%,0.15%,0.13%,0.06%,0.11%,0.17%,0.02%,0.11%,0.02%,0.30%,0.17%,0.08%,0.34%,0.13%,0.13%,0.08%,0.15%,0.61%,0.34%,12.55%,0.20%,0.28%,0.14%,0.34%,0.44%,#REF!,0.13%,0.02%,0.61%,0.17%,0.06%,0.06%,0.02%,0.08%,0.08%,0.13%,0.13%,0.08%,0.06%,0.04%,0.15%,0.15%,0.04%,0.21%,0.13%,0.06%,0.30%,0.04%,0.08%,0.08%,0.02%,0.02%,0.06%,0.11%,0.04%,0.04%,0.06%,0.02%,0.06%,0.13%,0.74%,0.13%,0.06%,0.04%,0.08%,0.08%,0.08%,0.22%,0.08%,0.06%,0.06%,0.06%,0.04%,0.08%,0.08%,0.14%,0.11%,0.07%,0.05%,0.02%,0.05%,0.13%,0.13%,0.04%,0.06%,0.17%,0.13%,0.13%,0.13%,0.09%,0.06%,0.03%,0.02%,0.02%,0.08%,0.08%,24.39%,24.39%,12.19%,0.06%,0.13%,0.06%,0.08%,0.28%,0.03%,0.07%,0.12%,0.09%,0.02%,0.02%,0.02%,0.02%,0.02%,0.02%,0.02%,0.02%,0.02%,0.02%,0.02%,0.02%,0.02%,0.02%,0.02%,0.02%,0.02%,0.02%,0.02%,0.02%,0.02%,0.02%,0.02%,0.02%,0.02%,0.02%,0.02%,0.02%,0.02%,0.02%,0.02%,0.02%,0.51%,1.69%,0.68%,0.68%,0.08%,0.68%,0.76%,0.59%,0.76%,0.76%,0.76%,0.42%,0.85%,0.17%
016,150-357,3HAEUMMR1SL141882,100%,3,BAJA CALIFORNIA,0.72%,1.02%,0.08%,0.13%,0.11%,0.08%,0.02%,0.06%,0.04%,0.13%,0.19%,0.15%,0.91%,0.19%,0.15%,0.13%,0.06%,0.11%,0.17%,0.02%,0.11%,0.02%,0.30%,0.17%,0.08%,0.34%,0.13%,0.13%,0.08%,0.15%,0.61%,0.34%,12.55%,0.20%,0.28%,0.14%,0.34%,0.44%,#REF!,0.13%,0.02%,0.61%,0.17%,0.06%,0.06%,0.02%,0.08%,0.08%,0.13%,0.13%,0.08%,0.06%,0.04%,0.15%,0.15%,0.04%,0.21%,0.13%,0.06%,0.30%,0.04%,0.08%,0.08%,0.02%,0.02%,0.06%,0.11%,0.04%,0.04%,0.06%,0.02%,0.06%,0.13%,0.74%,0.13%,0.06%,0.04%,0.08%,0.08%,0.08%,0.22%,0.08%,0.06%,0.06%,0.06%,0.04%,0.08%,0.08%,0.14%,0.11%,0.07%,0.05%,0.02%,0.05%,0.13%,0.13%,0.04%,0.06%,0.17%,0.13%,0.13%,0.13%,0.09%,0.06%,0.03%,0.02%,0.02%,0.08%,0.08%,24.39%,24.39%,12.19%,0.06%,0.13%,0.06%,0.08%,0.28%,0.03%,0.07%,0.12%,0.09%,0.02%,0.02%,0.02%,0.02%,0.02%,0.02%,0.02%,0.02%,0.02%,0.02%,0.02%,0.02%,0.02%,0.02%,0.02%,0.02%,0.02%,0.02%,0.02%,0.02%,0.02%,0.02%,0.02%,0.02%,0.02%,0.02%,0.02%,0.02%,0.02%,0.02%,0.02%,0.02%,0.51%,1.69%,0.68%,0.68%,0.08%,0.68%,0.76%,0.59%,0.76%,0.76%,0.76%,0.42%,0.85%,0.17%
017,150-358,3HAEUMMR9SL144898,100%,4,BAJA CALIFORNIA,0.72%,1.02%,0.08%,0.13%,0.11%,0.08%,0.02%,0.06%,0.04%,0.13%,0.19%,0.15%,0.91%,0.19%,0.15%,0.13%,0.06%,0.11%,0.17%,0.02%,0.11%,0.02%,0.30%,0.17%,0.08%,0.34%,0.13%,0.13%,0.08%,0.15%,0.61%,0.34%,12.55%,0.20%,0.28%,0.14%,0.34%,0.44%,#REF!,0.13%,0.02%,0.61%,0.17%,0.06%,0.06%,0.02%,0.08%,0.08%,0.13%,0.13%,0.08%,0.06%,0.04%,0.15%,0.15%,0.04%,0.21%,0.13%,0.06%,0.30%,0.04%,0.08%,0.08%,0.02%,0.02%,0.06%,0.11%,0.04%,0.04%,0.06%,0.02%,0.06%,0.13%,0.74%,0.13%,0.06%,0.04%,0.08%,0.08%,0.08%,0.22%,0.08%,0.06%,0.06%,0.06%,0.04%,0.08%,0.08%,0.14%,0.11%,0.07%,0.05%,0.02%,0.05%,0.13%,0.13%,0.04%,0.06%,0.17%,0.13%,0.13%,0.13%,0.09%,0.06%,0.03%,0.02%,0.02%,0.08%,0.08%,24.39%,24.39%,12.19%,0.06%,0.13%,0.06%,0.08%,0.28%,0.03%,0.07%,0.12%,0.09%,0.02%,0.02%,0.02%,0.02%,0.02%,0.02%,0.02%,0.02%,0.02%,0.02%,0.02%,0.02%,0.02%,0.02%,0.02%,0.02%,0.02%,0.02%,0.02%,0.02%,0.02%,0.02%,0.02%,0.02%,0.02%,0.02%,0.02%,0.02%,0.02%,0.02%,0.02%,0.02%,0.51%,1.69%,0.68%,0.68%,0.08%,0.68%,0.76%,0.59%,0.76%,0.76%,0.76%,0.42%,0.85%,0.17%
018,150-359,3HAEUMMR9SL144481,100%,5,BAJA CALIFORNIA,0.72%,1.02%,0.08%,0.13%,0.11%,0.08%,0.02%,0.06%,0.04%,0.13%,0.19%,0.15%,0.91%,0.19%,0.15%,0.13%,0.06%,0.11%,0.17%,0.02%,0.11%,0.02%,0.30%,0.17%,0.08%,0.34%,0.13%,0.13%,0.08%,0.15%,0.61%,0.34%,12.55%,0.20%,0.28%,0.14%,0.34%,0.44%,#REF!,0.13%,0.02%,0.61%,0.17%,0.06%,0.06%,0.02%,0.08%,0.08%,0.13%,0.13%,0.08%,0.06%,0.04%,0.15%,0.15%,0.04%,0.21%,0.13%,0.06%,0.30%,0.04%,0.08%,0.08%,0.02%,0.02%,0.06%,0.11%,0.04%,0.04%,0.06%,0.02%,0.06%,0.13%,0.74%,0.13%,0.06%,0.04%,0.08%,0.08%,0.08%,0.22%,0.08%,0.06%,0.06%,0.06%,0.04%,0.08%,0.08%,0.14%,0.11%,0.07%,0.05%,0.02%,0.05%,0.13%,0.13%,0.04%,0.06%,0.17%,0.13%,0.13%,0.13%,0.09%,0.06%,0.03%,0.02%,0.02%,0.08%,0.08%,24.39%,24.39%,12.19%,0.06%,0.13%,0.06%,0.08%,0.28%,0.03%,0.07%,0.12%,0.09%,0.02%,0.02%,0.02%,0.02%,0.02%,0.02%,0.02%,0.02%,0.02%,0.02%,0.02%,0.02%,0.02%,0.02%,0.02%,0.02%,0.02%,0.02%,0.02%,0.02%,0.02%,0.02%,0.02%,0.02%,0.02%,0.02%,0.02%,0.02%,0.02%,0.02%,0.02%,0.02%,0.51%,1.69%,0.68%,0.68%,0.08%,0.68%,0.76%,0.59%,0.76%,0.76%,0.76%,0.42%,0.85%,0.17%
019,150-360,3HAEUMMR2SL144774,100%,6,BAJA CALIFORNIA,0.72%,1.02%,0.08%,0.13%,0.11%,0.08%,0.02%,0.06%,0.04%,0.13%,0.19%,0.15%,0.91%,0.19%,0.15%,0.13%,0.06%,0.11%,0.17%,0.02%,0.11%,0.02%,0.30%,0.17%,0.08%,0.34%,0.13%,0.13%,0.08%,0.15%,0.61%,0.34%,12.55%,0.20%,0.28%,0.14%,0.34%,0.44%,#REF!,0.13%,0.02%,0.61%,0.17%,0.06%,0.06%,0.02%,0.08%,0.08%,0.13%,0.13%,0.08%,0.06%,0.04%,0.15%,0.15%,0.04%,0.21%,0.13%,0.06%,0.30%,0.04%,0.08%,0.08%,0.02%,0.02%,0.06%,0.11%,0.04%,0.04%,0.06%,0.02%,0.06%,0.13%,0.74%,0.13%,0.06%,0.04%,0.08%,0.08%,0.08%,0.22%,0.08%,0.06%,0.06%,0.06%,0.04%,0.08%,0.08%,0.14%,0.11%,0.07%,0.05%,0.02%,0.05%,0.13%,0.13%,0.04%,0.06%,0.17%,0.13%,0.13%,0.13%,0.09%,0.06%,0.03%,0.02%,0.02%,0.08%,0.08%,24.39%,24.39%,12.19%,0.06%,0.13%,0.06%,0.08%,0.28%,0.03%,0.07%,0.12%,0.09%,0.02%,0.02%,0.02%,0.02%,0.02%,0.02%,0.02%,0.02%,0.02%,0.02%,0.02%,0.02%,0.02%,0.02%,0.02%,0.02%,0.02%,0.02%,0.02%,0.02%,0.02%,0.02%,0.02%,0.02%,0.02%,0.02%,0.02%,0.02%,0.02%,0.02%,0.02%,0.02%,0.51%,1.69%,0.68%,0.68%,0.08%,0.68%,0.76%,0.59%,0.76%,0.76%,0.76%,0.42%,0.85%,0.17%
020,150-361,3HAEUMMR1SL078119,100%,7,BAJA CALIFORNIA,0.72%,1.02%,0.08%,0.13%,0.11%,0.08%,0.02%,0.06%,0.04%,0.13%,0.19%,0.15%,0.91%,0.19%,0.15%,0.13%,0.06%,0.11%,0.17%,0.02%,0.11%,0.02%,0.30%,0.17%,0.08%,0.34%,0.13%,0.13%,0.08%,0.15%,0.61%,0.34%,12.55%,0.20%,0.28%,0.14%,0.34%,0.44%,#REF!,0.13%,0.02%,0.61%,0.17%,0.06%,0.06%,0.02%,0.08%,0.08%,0.13%,0.13%,0.08%,0.06%,0.04%,0.15%,0.15%,0.04%,0.21%,0.13%,0.06%,0.30%,0.04%,0.08%,0.08%,0.02%,0.02%,0.06%,0.11%,0.04%,0.04%,0.06%,0.02%,0.06%,0.13%,0.74%,0.13%,0.06%,0.04%,0.08%,0.08%,0.08%,0.22%,0.08%,0.06%,0.06%,0.06%,0.04%,0.08%,0.08%,0.14%,0.11%,0.07%,0.05%,0.02%,0.05%,0.13%,0.13%,0.04%,0.06%,0.17%,0.13%,0.13%,0.13%,0.09%,0.06%,0.03%,0.02%,0.02%,0.08%,0.08%,24.39%,24.39%,12.19%,0.06%,0.13%,0.06%,0.08%,0.28%,0.03%,0.07%,0.12%,0.09%,0.02%,0.02%,0.02%,0.02%,0.02%,0.02%,0.02%,0.02%,0.02%,0.02%,0.02%,0.02%,0.02%,0.02%,0.02%,0.02%,0.02%,0.02%,0.02%,0.02%,0.02%,0.02%,0.02%,0.02%,0.02%,0.02%,0.02%,0.02%,0.02%,0.02%,0.02%,0.02%,0.51%,1.69%,0.68%,0.68%,0.08%,0.68%,0.76%,0.59%,0.76%,0.76%,0.76%,0.42%,0.85%,0.17%
021,150-362,3HAEUMMR0TL492090,100%,8,BAJA CALIFORNIA,0.72%,1.02%,0.08%,0.13%,0.11%,0.08%,0.02%,0.06%,0.04%,0.13%,0.19%,0.15%,0.91%,0.19%,0.15%,0.13%,0.06%,0.11%,0.17%,0.02%,0.11%,0.02%,0.30%,0.17%,0.08%,0.34%,0.13%,0.13%,0.08%,0.15%,0.61%,0.34%,12.55%,0.20%,0.28%,0.14%,0.34%,0.44%,#REF!,0.13%,0.02%,0.61%,0.17%,0.06%,0.06%,0.02%,0.08%,0.08%,0.13%,0.13%,0.08%,0.06%,0.04%,0.15%,0.15%,0.04%,0.21%,0.13%,0.06%,0.30%,0.04%,0.08%,0.08%,0.02%,0.02%,0.06%,0.11%,0.04%,0.04%,0.06%,0.02%,0.06%,0.13%,0.74%,0.13%,0.06%,0.04%,0.08%,0.08%,0.08%,0.22%,0.08%,0.06%,0.06%,0.06%,0.04%,0.08%,0.08%,0.14%,0.11%,0.07%,0.05%,0.02%,0.05%,0.13%,0.13%,0.04%,0.06%,0.17%,0.13%,0.13%,0.13%,0.09%,0.06%,0.03%,0.02%,0.02%,0.08%,0.08%,24.39%,24.39%,12.19%,0.06%,0.13%,0.06%,0.08%,0.28%,0.03%,0.07%,0.12%,0.09%,0.02%,0.02%,0.02%,0.02%,0.02%,0.02%,0.02%,0.02%,0.02%,0.02%,0.02%,0.02%,0.02%,0.02%,0.02%,0.02%,0.02%,0.02%,0.02%,0.02%,0.02%,0.02%,0.02%,0.02%,0.02%,0.02%,0.02%,0.02%,0.02%,0.02%,0.02%,0.02%,0.51%,1.69%,0.68%,0.68%,0.08%,0.68%,0.76%,0.59%,0.76%,0.76%,0.76%,0.42%,0.85%,0.17%
022,150-363,3HAEUMMR0TL493272,100%,9,BAJA CALIFORNIA,0.72%,1.02%,0.08%,0.13%,0.11%,0.08%,0.02%,0.06%,0.04%,0.13%,0.19%,0.15%,0.91%,0.19%,0.15%,0.13%,0.06%,0.11%,0.17%,0.02%,0.11%,0.02%,0.30%,0.17%,0.08%,0.34%,0.13%,0.13%,0.08%,0.15%,0.61%,0.34%,12.55%,0.20%,0.28%,0.14%,0.34%,0.44%,#REF!,0.13%,0.02%,0.61%,0.17%,0.06%,0.06%,0.02%,0.08%,0.08%,0.13%,0.13%,0.08%,0.06%,0.04%,0.15%,0.15%,0.04%,0.21%,0.13%,0.06%,0.30%,0.04%,0.08%,0.08%,0.02%,0.02%,0.06%,0.11%,0.04%,0.04%,0.06%,0.02%,0.06%,0.13%,0.74%,0.13%,0.06%,0.04%,0.08%,0.08%,0.08%,0.22%,0.08%,0.06%,0.06%,0.06%,0.04%,0.08%,0.08%,0.14%,0.11%,0.07%,0.05%,0.02%,0.05%,0.13%,0.13%,0.04%,0.06%,0.17%,0.13%,0.13%,0.13%,0.09%,0.06%,0.03%,0.02%,0.02%,0.08%,0.08%,24.39%,24.39%,12.19%,0.06%,0.13%,0.06%,0.08%,0.28%,0.03%,0.07%,0.12%,0.09%,0.02%,0.02%,0.02%,0.02%,0.02%,0.02%,0.02%,0.02%,0.02%,0.02%,0.02%,0.02%,0.02%,0.02%,0.02%,0.02%,0.02%,0.02%,0.02%,0.02%,0.02%,0.02%,0.02%,0.02%,0.02%,0.02%,0.02%,0.02%,0.02%,0.02%,0.02%,0.02%,0.51%,1.69%,0.68%,0.68%,0.08%,0.68%,0.76%,0.59%,0.76%,0.76%,0.76%,0.42%,0.85%,0.17%
023,150-364,3HAEUMMR0TL494485,100%,1,GOLFO NORTE,0.72%,1.02%,0.08%,0.13%,0.11%,0.08%,0.02%,0.06%,0.04%,0.13%,0.19%,0.15%,0.91%,0.19%,0.15%,0.13%,0.06%,0.11%,0.17%,0.02%,0.11%,0.02%,0.30%,0.17%,0.08%,0.34%,0.13%,0.13%,0.08%,0.15%,0.61%,0.34%,12.55%,0.20%,0.28%,0.14%,0.34%,0.44%,#REF!,0.13%,0.02%,0.61%,0.17%,0.06%,0.06%,0.02%,0.08%,0.08%,0.13%,0.13%,0.08%,0.06%,0.04%,0.15%,0.15%,0.04%,0.21%,0.13%,0.06%,0.30%,0.04%,0.08%,0.08%,0.02%,0.02%,0.06%,0.11%,0.04%,0.04%,0.06%,0.02%,0.06%,0.13%,0.74%,0.13%,0.06%,0.04%,0.08%,0.08%,0.08%,0.22%,0.08%,0.06%,0.06%,0.06%,0.04%,0.08%,0.08%,0.14%,0.11%,0.07%,0.05%,0.02%,0.05%,0.13%,0.13%,0.04%,0.06%,0.17%,0.13%,0.13%,0.13%,0.09%,0.06%,0.03%,0.02%,0.02%,0.08%,0.08%,24.39%,24.39%,12.19%,0.06%,0.13%,0.06%,0.08%,0.28%,0.03%,0.07%,0.12%,0.09%,0.02%,0.02%,0.02%,0.02%,0.02%,0.02%,0.02%,0.02%,0.02%,0.02%,0.02%,0.02%,0.02%,0.02%,0.02%,0.02%,0.02%,0.02%,0.02%,0.02%,0.02%,0.02%,0.02%,0.02%,0.02%,0.02%,0.02%,0.02%,0.02%,0.02%,0.02%,0.02%,0.51%,1.69%,0.68%,0.68%,0.08%,0.68%,0.76%,0.59%,0.76%,0.76%,0.76%,0.42%,0.85%,0.17%
024,150-365,3HAEUMMR1TL493409,100%,2,GOLFO NORTE,0.72%,1.02%,0.08%,0.13%,0.11%,0.08%,0.02%,0.06%,0.04%,0.13%,0.19%,0.15%,0.91%,0.19%,0.15%,0.13%,0.06%,0.11%,0.17%,0.02%,0.11%,0.02%,0.30%,0.17%,0.08%,0.34%,0.13%,0.13%,0.08%,0.15%,0.61%,0.34%,12.55%,0.20%,0.28%,0.14%,0.34%,0.44%,#REF!,0.13%,0.02%,0.61%,0.17%,0.06%,0.06%,0.02%,0.08%,0.08%,0.13%,0.13%,0.08%,0.06%,0.04%,0.15%,0.15%,0.04%,0.21%,0.13%,0.06%,0.30%,0.04%,0.08%,0.08%,0.02%,0.02%,0.06%,0.11%,0.04%,0.04%,0.06%,0.02%,0.06%,0.13%,0.74%,0.13%,0.06%,0.04%,0.08%,0.08%,0.08%,0.22%,0.08%,0.06%,0.06%,0.06%,0.04%,0.08%,0.08%,0.14%,0.11%,0.07%,0.05%,0.02%,0.05%,0.13%,0.13%,0.04%,0.06%,0.17%,0.13%,0.13%,0.13%,0.09%,0.06%,0.03%,0.02%,0.02%,0.08%,0.08%,24.39%,24.39%,12.19%,0.06%,0.13%,0.06%,0.08%,0.28%,0.03%,0.07%,0.12%,0.09%,0.02%,0.02%,0.02%,0.02%,0.02%,0.02%,0.02%,0.02%,0.02%,0.02%,0.02%,0.02%,0.02%,0.02%,0.02%,0.02%,0.02%,0.02%,0.02%,0.02%,0.02%,0.02%,0.02%,0.02%,0.02%,0.02%,0.02%,0.02%,0.02%,0.02%,0.02%,0.02%,0.51%,1.69%,0.68%,0.68%,0.08%,0.68%,0.76%,0.59%,0.76%,0.76%,0.76%,0.42%,0.85%,0.17%
025,150-366,3HAEUMMR1TL494768,100%,3,GOLFO NORTE,0.72%,1.02%,0.08%,0.13%,0.11%,0.08%,0.02%,0.06%,0.04%,0.13%,0.19%,0.15%,0.91%,0.19%,0.15%,0.13%,0.06%,0.11%,0.17%,0.02%,0.11%,0.02%,0.30%,0.17%,0.08%,0.34%,0.13%,0.13%,0.08%,0.15%,0.61%,0.34%,12.55%,0.20%,0.28%,0.14%,0.34%,0.44%,#REF!,0.13%,0.02%,0.61%,0.17%,0.06%,0.06%,0.02%,0.08%,0.08%,0.13%,0.13%,0.08%,0.06%,0.04%,0.15%,0.15%,0.04%,0.21%,0.13%,0.06%,0.30%,0.04%,0.08%,0.08%,0.02%,0.02%,0.06%,0.11%,0.04%,0.04%,0.06%,0.02%,0.06%,0.13%,0.74%,0.13%,0.06%,0.04%,0.08%,0.08%,0.08%,0.22%,0.08%,0.06%,0.06%,0.06%,0.04%,0.08%,0.08%,0.14%,0.11%,0.07%,0.05%,0.02%,0.05%,0.13%,0.13%,0.04%,0.06%,0.17%,0.13%,0.13%,0.13%,0.09%,0.06%,0.03%,0.02%,0.02%,0.08%,0.08%,24.39%,24.39%,12.19%,0.06%,0.13%,0.06%,0.08%,0.28%,0.03%,0.07%,0.12%,0.09%,0.02%,0.02%,0.02%,0.02%,0.02%,0.02%,0.02%,0.02%,0.02%,0.02%,0.02%,0.02%,0.02%,0.02%,0.02%,0.02%,0.02%,0.02%,0.02%,0.02%,0.02%,0.02%,0.02%,0.02%,0.02%,0.02%,0.02%,0.02%,0.02%,0.02%,0.02%,0.02%,0.51%,1.69%,0.68%,0.68%,0.08%,0.68%,0.76%,0.59%,0.76%,0.76%,0.76%,0.42%,0.85%,0.17%
026,150-367,3HAEUMMR3TL494593,100%,4,GOLFO NORTE,0.72%,1.02%,0.08%,0.13%,0.11%,0.08%,0.02%,0.06%,0.04%,0.13%,0.19%,0.15%,0.91%,0.19%,0.15%,0.13%,0.06%,0.11%,0.17%,0.02%,0.11%,0.02%,0.30%,0.17%,0.08%,0.34%,0.13%,0.13%,0.08%,0.15%,0.61%,0.34%,12.55%,0.20%,0.28%,0.14%,0.34%,0.44%,#REF!,0.13%,0.02%,0.61%,0.17%,0.06%,0.06%,0.02%,0.08%,0.08%,0.13%,0.13%,0.08%,0.06%,0.04%,0.15%,0.15%,0.04%,0.21%,0.13%,0.06%,0.30%,0.04%,0.08%,0.08%,0.02%,0.02%,0.06%,0.11%,0.04%,0.04%,0.06%,0.02%,0.06%,0.13%,0.74%,0.13%,0.06%,0.04%,0.08%,0.08%,0.08%,0.22%,0.08%,0.06%,0.06%,0.06%,0.04%,0.08%,0.08%,0.14%,0.11%,0.07%,0.05%,0.02%,0.05%,0.13%,0.13%,0.04%,0.06%,0.17%,0.13%,0.13%,0.13%,0.09%,0.06%,0.03%,0.02%,0.02%,0.08%,0.08%,24.39%,24.39%,12.19%,0.06%,0.13%,0.06%,0.08%,0.28%,0.03%,0.07%,0.12%,0.09%,0.02%,0.02%,0.02%,0.02%,0.02%,0.02%,0.02%,0.02%,0.02%,0.02%,0.02%,0.02%,0.02%,0.02%,0.02%,0.02%,0.02%,0.02%,0.02%,0.02%,0.02%,0.02%,0.02%,0.02%,0.02%,0.02%,0.02%,0.02%,0.02%,0.02%,0.02%,0.02%,0.51%,1.69%,0.68%,0.68%,0.08%,0.68%,0.76%,0.59%,0.76%,0.76%,0.76%,0.42%,0.85%,0.17%
027,150-368,3HAEUMMR3TL494769,100%,5,GOLFO NORTE,0.72%,1.02%,0.08%,0.13%,0.11%,0.08%,0.02%,0.06%,0.04%,0.13%,0.19%,0.15%,0.91%,0.19%,0.15%,0.13%,0.06%,0.11%,0.17%,0.02%,0.11%,0.02%,0.30%,0.17%,0.08%,0.34%,0.13%,0.13%,0.08%,0.15%,0.61%,0.34%,12.55%,0.20%,0.28%,0.14%,0.34%,0.44%,#REF!,0.13%,0.02%,0.61%,0.17%,0.06%,0.06%,0.02%,0.08%,0.08%,0.13%,0.13%,0.08%,0.06%,0.04%,0.15%,0.15%,0.04%,0.21%,0.13%,0.06%,0.30%,0.04%,0.08%,0.08%,0.02%,0.02%,0.06%,0.11%,0.04%,0.04%,0.06%,0.02%,0.06%,0.13%,0.74%,0.13%,0.06%,0.04%,0.08%,0.08%,0.08%,0.22%,0.08%,0.06%,0.06%,0.06%,0.04%,0.08%,0.08%,0.14%,0.11%,0.07%,0.05%,0.02%,0.05%,0.13%,0.13%,0.04%,0.06%,0.17%,0.13%,0.13%,0.13%,0.09%,0.06%,0.03%,0.02%,0.02%,0.08%,0.08%,24.39%,24.39%,12.19%,0.06%,0.13%,0.06%,0.08%,0.28%,0.03%,0.07%,0.12%,0.09%,0.02%,0.02%,0.02%,0.02%,0.02%,0.02%,0.02%,0.02%,0.02%,0.02%,0.02%,0.02%,0.02%,0.02%,0.02%,0.02%,0.02%,0.02%,0.02%,0.02%,0.02%,0.02%,0.02%,0.02%,0.02%,0.02%,0.02%,0.02%,0.02%,0.02%,0.02%,0.02%,0.51%,1.69%,0.68%,0.68%,0.08%,0.68%,0.76%,0.59%,0.76%,0.76%,0.76%,0.42%,0.85%,0.17%
028,150-369,3HAEUMMR4TL495106,100%,6,GOLFO NORTE,0.72%,1.02%,0.08%,0.13%,0.11%,0.08%,0.02%,0.06%,0.04%,0.13%,0.19%,0.15%,0.91%,0.19%,0.15%,0.13%,0.06%,0.11%,0.17%,0.02%,0.11%,0.02%,0.30%,0.17%,0.08%,0.34%,0.13%,0.13%,0.08%,0.15%,0.61%,0.34%,12.55%,0.20%,0.28%,0.14%,0.34%,0.44%,#REF!,0.13%,0.02%,0.61%,0.17%,0.06%,0.06%,0.02%,0.08%,0.08%,0.13%,0.13%,0.08%,0.06%,0.04%,0.15%,0.15%,0.04%,0.21%,0.13%,0.06%,0.30%,0.04%,0.08%,0.08%,0.02%,0.02%,0.06%,0.11%,0.04%,0.04%,0.06%,0.02%,0.06%,0.13%,0.74%,0.13%,0.06%,0.04%,0.08%,0.08%,0.08%,0.22%,0.08%,0.06%,0.06%,0.06%,0.04%,0.08%,0.08%,0.14%,0.11%,0.07%,0.05%,0.02%,0.05%,0.13%,0.13%,0.04%,0.06%,0.17%,0.13%,0.13%,0.13%,0.09%,0.06%,0.03%,0.02%,0.02%,0.08%,0.08%,24.39%,24.39%,12.19%,0.06%,0.13%,0.06%,0.08%,0.28%,0.03%,0.07%,0.12%,0.09%,0.02%,0.02%,0.02%,0.02%,0.02%,0.02%,0.02%,0.02%,0.02%,0.02%,0.02%,0.02%,0.02%,0.02%,0.02%,0.02%,0.02%,0.02%,0.02%,0.02%,0.02%,0.02%,0.02%,0.02%,0.02%,0.02%,0.02%,0.02%,0.02%,0.02%,0.02%,0.02%,0.51%,1.69%,0.68%,0.68%,0.08%,0.68%,0.76%,0.59%,0.76%,0.76%,0.76%,0.42%,0.85%,0.17%
029,150-370,3HAEUMMR4TL495364,100%,7,GOLFO NORTE,0.72%,1.02%,0.08%,0.13%,0.11%,0.08%,0.02%,0.06%,0.04%,0.13%,0.19%,0.15%,0.91%,0.19%,0.15%,0.13%,0.06%,0.11%,0.17%,0.02%,0.11%,0.02%,0.30%,0.17%,0.08%,0.34%,0.13%,0.13%,0.08%,0.15%,0.61%,0.34%,12.55%,0.20%,0.28%,0.14%,0.34%,0.44%,#REF!,0.13%,0.02%,0.61%,0.17%,0.06%,0.06%,0.02%,0.08%,0.08%,0.13%,0.13%,0.08%,0.06%,0.04%,0.15%,0.15%,0.04%,0.21%,0.13%,0.06%,0.30%,0.04%,0.08%,0.08%,0.02%,0.02%,0.06%,0.11%,0.04%,0.04%,0.06%,0.02%,0.06%,0.13%,0.74%,0.13%,0.06%,0.04%,0.08%,0.08%,0.08%,0.22%,0.08%,0.06%,0.06%,0.06%,0.04%,0.08%,0.08%,0.14%,0.11%,0.07%,0.05%,0.02%,0.05%,0.13%,0.13%,0.04%,0.06%,0.17%,0.13%,0.13%,0.13%,0.09%,0.06%,0.03%,0.02%,0.02%,0.08%,0.08%,24.39%,24.39%,12.19%,0.06%,0.13%,0.06%,0.08%,0.28%,0.03%,0.07%,0.12%,0.09%,0.02%,0.02%,0.02%,0.02%,0.02%,0.02%,0.02%,0.02%,0.02%,0.02%,0.02%,0.02%,0.02%,0.02%,0.02%,0.02%,0.02%,0.02%,0.02%,0.02%,0.02%,0.02%,0.02%,0.02%,0.02%,0.02%,0.02%,0.02%,0.02%,0.02%,0.02%,0.02%,0.51%,1.69%,0.68%,0.68%,0.08%,0.68%,0.76%,0.59%,0.76%,0.76%,0.76%,0.42%,0.85%,0.17%
030,150-371,3HAEUMMR6TL495107,100%,8,GOLFO NORTE,0.72%,1.02%,0.08%,0.13%,0.11%,0.08%,0.02%,0.06%,0.04%,0.13%,0.19%,0.15%,0.91%,0.19%,0.15%,0.13%,0.06%,0.11%,0.17%,0.02%,0.11%,0.02%,0.30%,0.17%,0.08%,0.34%,0.13%,0.13%,0.08%,0.15%,0.61%,0.34%,12.55%,0.20%,0.28%,0.14%,0.34%,0.44%,#REF!,0.13%,0.02%,0.61%,0.17%,0.06%,0.06%,0.02%,0.08%,0.08%,0.13%,0.13%,0.08%,0.06%,0.04%,0.15%,0.15%,0.04%,0.21%,0.13%,0.06%,0.30%,0.04%,0.08%,0.08%,0.02%,0.02%,0.06%,0.11%,0.04%,0.04%,0.06%,0.02%,0.06%,0.13%,0.74%,0.13%,0.06%,0.04%,0.08%,0.08%,0.08%,0.22%,0.08%,0.06%,0.06%,0.06%,0.04%,0.08%,0.08%,0.14%,0.11%,0.07%,0.05%,0.02%,0.05%,0.13%,0.13%,0.04%,0.06%,0.17%,0.13%,0.13%,0.13%,0.09%,0.06%,0.03%,0.02%,0.02%,0.08%,0.08%,24.39%,24.39%,12.19%,0.06%,0.13%,0.06%,0.08%,0.28%,0.03%,0.07%,0.12%,0.09%,0.02%,0.02%,0.02%,0.02%,0.02%,0.02%,0.02%,0.02%,0.02%,0.02%,0.02%,0.02%,0.02%,0.02%,0.02%,0.02%,0.02%,0.02%,0.02%,0.02%,0.02%,0.02%,0.02%,0.02%,0.02%,0.02%,0.02%,0.02%,0.02%,0.02%,0.02%,0.02%,0.51%,1.69%,0.68%,0.68%,0.08%,0.68%,0.76%,0.59%,0.76%,0.76%,0.76%,0.42%,0.85%,0.17%
031,150-372,3HAEUMMR7TL495388,100%,9,GOLFO NORTE,0.72%,1.02%,0.08%,0.13%,0.11%,0.08%,0.02%,0.06%,0.04%,0.13%,0.19%,0.15%,0.91%,0.19%,0.15%,0.13%,0.06%,0.11%,0.17%,0.02%,0.11%,0.02%,0.30%,0.17%,0.08%,0.34%,0.13%,0.13%,0.08%,0.15%,0.61%,0.34%,12.55%,0.20%,0.28%,0.14%,0.34%,0.44%,#REF!,0.13%,0.02%,0.61%,0.17%,0.06%,0.06%,0.02%,0.08%,0.08%,0.13%,0.13%,0.08%,0.06%,0.04%,0.15%,0.15%,0.04%,0.21%,0.13%,0.06%,0.30%,0.04%,0.08%,0.08%,0.02%,0.02%,0.06%,0.11%,0.04%,0.04%,0.06%,0.02%,0.06%,0.13%,0.74%,0.13%,0.06%,0.04%,0.08%,0.08%,0.08%,0.22%,0.08%,0.06%,0.06%,0.06%,0.04%,0.08%,0.08%,0.14%,0.11%,0.07%,0.05%,0.02%,0.05%,0.13%,0.13%,0.04%,0.06%,0.17%,0.13%,0.13%,0.13%,0.09%,0.06%,0.03%,0.02%,0.02%,0.08%,0.08%,24.39%,24.39%,12.19%,0.06%,0.13%,0.06%,0.08%,0.28%,0.03%,0.07%,0.12%,0.09%,0.02%,0.02%,0.02%,0.02%,0.02%,0.02%,0.02%,0.02%,0.02%,0.02%,0.02%,0.02%,0.02%,0.02%,0.02%,0.02%,0.02%,0.02%,0.02%,0.02%,0.02%,0.02%,0.02%,0.02%,0.02%,0.02%,0.02%,0.02%,0.02%,0.02%,0.02%,0.02%,0.51%,1.69%,0.68%,0.68%,0.08%,0.68%,0.76%,0.59%,0.76%,0.76%,0.76%,0.42%,0.85%,0.17%
032,150-373,3HAEUMMR8TL495433,100%,10,GOLFO NORTE,0.72%,1.02%,0.08%,0.13%,0.11%,0.08%,0.02%,0.06%,0.04%,0.13%,0.19%,0.15%,0.91%,0.19%,0.15%,0.13%,0.06%,0.11%,0.17%,0.02%,0.11%,0.02%,0.30%,0.17%,0.08%,0.34%,0.13%,0.13%,0.08%,0.15%,0.61%,0.34%,12.55%,0.20%,0.28%,0.14%,0.34%,0.44%,#REF!,0.13%,0.02%,0.61%,0.17%,0.06%,0.06%,0.02%,0.08%,0.08%,0.13%,0.13%,0.08%,0.06%,0.04%,0.15%,0.15%,0.04%,0.21%,0.13%,0.06%,0.30%,0.04%,0.08%,0.08%,0.02%,0.02%,0.06%,0.11%,0.04%,0.04%,0.06%,0.02%,0.06%,0.13%,0.74%,0.13%,0.06%,0.04%,0.08%,0.08%,0.08%,0.22%,0.08%,0.06%,0.06%,0.06%,0.04%,0.08%,0.08%,0.14%,0.11%,0.07%,0.05%,0.02%,0.05%,0.13%,0.13%,0.04%,0.06%,0.17%,0.13%,0.13%,0.13%,0.09%,0.06%,0.03%,0.02%,0.02%,0.08%,0.08%,24.39%,24.39%,12.19%,0.06%,0.13%,0.06%,0.08%,0.28%,0.03%,0.07%,0.12%,0.09%,0.02%,0.02%,0.02%,0.02%,0.02%,0.02%,0.02%,0.02%,0.02%,0.02%,0.02%,0.02%,0.02%,0.02%,0.02%,0.02%,0.02%,0.02%,0.02%,0.02%,0.02%,0.02%,0.02%,0.02%,0.02%,0.02%,0.02%,0.02%,0.02%,0.02%,0.02%,0.02%,0.51%,1.69%,0.68%,0.68%,0.08%,0.68%,0.76%,0.59%,0.76%,0.76%,0.76%,0.42%,0.85%,0.17%
033,150-374,3HAEUMMRXTL494753,100%,11,GOLFO NORTE,0.72%,1.02%,0.08%,0.13%,0.11%,0.08%,0.02%,0.06%,0.04%,0.13%,0.19%,0.15%,0.91%,0.19%,0.15%,0.13%,0.06%,0.11%,0.17%,0.02%,0.11%,0.02%,0.30%,0.17%,0.08%,0.34%,0.13%,0.13%,0.08%,0.15%,0.61%,0.34%,12.55%,0.20%,0.28%,0.14%,0.34%,0.44%,#REF!,0.13%,0.02%,0.61%,0.17%,0.06%,0.06%,0.02%,0.08%,0.08%,0.13%,0.13%,0.08%,0.06%,0.04%,0.15%,0.15%,0.04%,0.21%,0.13%,0.06%,0.30%,0.04%,0.08%,0.08%,0.02%,0.02%,0.06%,0.11%,0.04%,0.04%,0.06%,0.02%,0.06%,0.13%,0.74%,0.13%,0.06%,0.04%,0.08%,0.08%,0.08%,0.22%,0.08%,0.06%,0.06%,0.06%,0.04%,0.08%,0.08%,0.14%,0.11%,0.07%,0.05%,0.02%,0.05%,0.13%,0.13%,0.04%,0.06%,0.17%,0.13%,0.13%,0.13%,0.09%,0.06%,0.03%,0.02%,0.02%,0.08%,0.08%,24.39%,24.39%,12.19%,0.06%,0.13%,0.06%,0.08%,0.28%,0.03%,0.07%,0.12%,0.09%,0.02%,0.02%,0.02%,0.02%,0.02%,0.02%,0.02%,0.02%,0.02%,0.02%,0.02%,0.02%,0.02%,0.02%,0.02%,0.02%,0.02%,0.02%,0.02%,0.02%,0.02%,0.02%,0.02%,0.02%,0.02%,0.02%,0.02%,0.02%,0.02%,0.02%,0.02%,0.02%,0.51%,1.69%,0.68%,0.68%,0.08%,0.68%,0.76%,0.59%,0.76%,0.76%,0.76%,0.42%,0.85%,0.17%
034,150-375,3HAEUMMRXTL494879,100%,12,GOLFO NORTE,0.72%,1.02%,0.08%,0.13%,0.11%,0.08%,0.02%,0.06%,0.04%,0.13%,0.19%,0.15%,0.91%,0.19%,0.15%,0.13%,0.06%,0.11%,0.17%,0.02%,0.11%,0.02%,0.30%,0.17%,0.08%,0.34%,0.13%,0.13%,0.08%,0.15%,0.61%,0.34%,12.55%,0.20%,0.28%,0.14%,0.34%,0.44%,#REF!,0.13%,0.02%,0.61%,0.17%,0.06%,0.06%,0.02%,0.08%,0.08%,0.13%,0.13%,0.08%,0.06%,0.04%,0.15%,0.15%,0.04%,0.21%,0.13%,0.06%,0.30%,0.04%,0.08%,0.08%,0.02%,0.02%,0.06%,0.11%,0.04%,0.04%,0.06%,0.02%,0.06%,0.13%,0.74%,0.13%,0.06%,0.04%,0.08%,0.08%,0.08%,0.22%,0.08%,0.06%,0.06%,0.06%,0.04%,0.08%,0.08%,0.14%,0.11%,0.07%,0.05%,0.02%,0.05%,0.13%,0.13%,0.04%,0.06%,0.17%,0.13%,0.13%,0.13%,0.09%,0.06%,0.03%,0.02%,0.02%,0.08%,0.08%,24.39%,24.39%,12.19%,0.06%,0.13%,0.06%,0.08%,0.28%,0.03%,0.07%,0.12%,0.09%,0.02%,0.02%,0.02%,0.02%,0.02%,0.02%,0.02%,0.02%,0.02%,0.02%,0.02%,0.02%,0.02%,0.02%,0.02%,0.02%,0.02%,0.02%,0.02%,0.02%,0.02%,0.02%,0.02%,0.02%,0.02%,0.02%,0.02%,0.02%,0.02%,0.02%,0.02%,0.02%,0.51%,1.69%,0.68%,0.68%,0.08%,0.68%,0.76%,0.59%,0.76%,0.76%,0.76%,0.42%,0.85%,0.17%
035,150-376,3HAEUMMR2TL492091,100%,13,GOLFO NORTE,0.72%,1.02%,0.08%,0.13%,0.11%,0.08%,0.02%,0.06%,0.04%,0.13%,0.19%,0.15%,0.91%,0.19%,0.15%,0.13%,0.06%,0.11%,0.17%,0.02%,0.11%,0.02%,0.30%,0.17%,0.08%,0.34%,0.13%,0.13%,0.08%,0.15%,0.61%,0.34%,12.55%,0.20%,0.28%,0.14%,0.34%,0.44%,#REF!,0.13%,0.02%,0.61%,0.17%,0.06%,0.06%,0.02%,0.08%,0.08%,0.13%,0.13%,0.08%,0.06%,0.04%,0.15%,0.15%,0.04%,0.21%,0.13%,0.06%,0.30%,0.04%,0.08%,0.08%,0.02%,0.02%,0.06%,0.11%,0.04%,0.04%,0.06%,0.02%,0.06%,0.13%,0.74%,0.13%,0.06%,0.04%,0.08%,0.08%,0.08%,0.22%,0.08%,0.06%,0.06%,0.06%,0.04%,0.08%,0.08%,0.14%,0.11%,0.07%,0.05%,0.02%,0.05%,0.13%,0.13%,0.04%,0.06%,0.17%,0.13%,0.13%,0.13%,0.09%,0.06%,0.03%,0.02%,0.02%,0.08%,0.08%,24.39%,24.39%,12.19%,0.06%,0.13%,0.06%,0.08%,0.28%,0.03%,0.07%,0.12%,0.09%,0.02%,0.02%,0.02%,0.02%,0.02%,0.02%,0.02%,0.02%,0.02%,0.02%,0.02%,0.02%,0.02%,0.02%,0.02%,0.02%,0.02%,0.02%,0.02%,0.02%,0.02%,0.02%,0.02%,0.02%,0.02%,0.02%,0.02%,0.02%,0.02%,0.02%,0.02%,0.02%,0.51%,1.69%,0.68%,0.68%,0.08%,0.68%,0.76%,0.59%,0.76%,0.76%,0.76%,0.42%,0.85%,0.17%
036,150-377,3HAEUMMR2TL493144,100%,14,GOLFO NORTE,0.72%,1.02%,0.08%,0.13%,0.11%,0.08%,0.02%,0.06%,0.04%,0.13%,0.19%,0.15%,0.91%,0.19%,0.15%,0.13%,0.06%,0.11%,0.17%,0.02%,0.11%,0.02%,0.30%,0.17%,0.08%,0.34%,0.13%,0.13%,0.08%,0.15%,0.61%,0.34%,12.55%,0.20%,0.28%,0.14%,0.34%,0.44%,#REF!,0.13%,0.02%,0.61%,0.17%,0.06%,0.06%,0.02%,0.08%,0.08%,0.13%,0.13%,0.08%,0.06%,0.04%,0.15%,0.15%,0.04%,0.21%,0.13%,0.06%,0.30%,0.04%,0.08%,0.08%,0.02%,0.02%,0.06%,0.11%,0.04%,0.04%,0.06%,0.02%,0.06%,0.13%,0.74%,0.13%,0.06%,0.04%,0.08%,0.08%,0.08%,0.22%,0.08%,0.06%,0.06%,0.06%,0.04%,0.08%,0.08%,0.14%,0.11%,0.07%,0.05%,0.02%,0.05%,0.13%,0.13%,0.04%,0.06%,0.17%,0.13%,0.13%,0.13%,0.09%,0.06%,0.03%,0.02%,0.02%,0.08%,0.08%,24.39%,24.39%,12.19%,0.06%,0.13%,0.06%,0.08%,0.28%,0.03%,0.07%,0.12%,0.09%,0.02%,0.02%,0.02%,0.02%,0.02%,0.02%,0.02%,0.02%,0.02%,0.02%,0.02%,0.02%,0.02%,0.02%,0.02%,0.02%,0.02%,0.02%,0.02%,0.02%,0.02%,0.02%,0.02%,0.02%,0.02%,0.02%,0.02%,0.02%,0.02%,0.02%,0.02%,0.02%,0.51%,1.69%,0.68%,0.68%,0.08%,0.68%,0.76%,0.59%,0.76%,0.76%,0.76%,0.42%,0.85%,0.17%
037,150-378,3HAEUMMR3TL492620,100%,15,GOLFO NORTE,0.72%,1.02%,0.08%,0.13%,0.11%,0.08%,0.02%,0.06%,0.04%,0.13%,0.19%,0.15%,0.91%,0.19%,0.15%,0.13%,0.06%,0.11%,0.17%,0.02%,0.11%,0.02%,0.30%,0.17%,0.08%,0.34%,0.13%,0.13%,0.08%,0.15%,0.61%,0.34%,12.55%,0.20%,0.28%,0.14%,0.34%,0.44%,#REF!,0.13%,0.02%,0.61%,0.17%,0.06%,0.06%,0.02%,0.08%,0.08%,0.13%,0.13%,0.08%,0.06%,0.04%,0.15%,0.15%,0.04%,0.21%,0.13%,0.06%,0.30%,0.04%,0.08%,0.08%,0.02%,0.02%,0.06%,0.11%,0.04%,0.04%,0.06%,0.02%,0.06%,0.13%,0.74%,0.13%,0.06%,0.04%,0.08%,0.08%,0.08%,0.22%,0.08%,0.06%,0.06%,0.06%,0.04%,0.08%,0.08%,0.14%,0.11%,0.07%,0.05%,0.02%,0.05%,0.13%,0.13%,0.04%,0.06%,0.17%,0.13%,0.13%,0.13%,0.09%,0.06%,0.03%,0.02%,0.02%,0.08%,0.08%,24.39%,24.39%,12.19%,0.06%,0.13%,0.06%,0.08%,0.28%,0.03%,0.07%,0.12%,0.09%,0.02%,0.02%,0.02%,0.02%,0.02%,0.02%,0.02%,0.02%,0.02%,0.02%,0.02%,0.02%,0.02%,0.02%,0.02%,0.02%,0.02%,0.02%,0.02%,0.02%,0.02%,0.02%,0.02%,0.02%,0.02%,0.02%,0.02%,0.02%,0.02%,0.02%,0.02%,0.02%,0.51%,1.69%,0.68%,0.68%,0.08%,0.68%,0.76%,0.59%,0.76%,0.76%,0.76%,0.42%,0.85%,0.17%
038,150-379,3HAEUMMR4TL492660,100%,16,GOLFO NORTE,0.72%,1.02%,0.08%,0.13%,0.11%,0.08%,0.02%,0.06%,0.04%,0.13%,0.19%,0.15%,0.91%,0.19%,0.15%,0.13%,0.06%,0.11%,0.17%,0.02%,0.11%,0.02%,0.30%,0.17%,0.08%,0.34%,0.13%,0.13%,0.08%,0.15%,0.61%,0.34%,12.55%,0.20%,0.28%,0.14%,0.34%,0.44%,#REF!,0.13%,0.02%,0.61%,0.17%,0.06%,0.06%,0.02%,0.08%,0.08%,0.13%,0.13%,0.08%,0.06%,0.04%,0.15%,0.15%,0.04%,0.21%,0.13%,0.06%,0.30%,0.04%,0.08%,0.08%,0.02%,0.02%,0.06%,0.11%,0.04%,0.04%,0.06%,0.02%,0.06%,0.13%,0.74%,0.13%,0.06%,0.04%,0.08%,0.08%,0.08%,0.22%,0.08%,0.06%,0.06%,0.06%,0.04%,0.08%,0.08%,0.14%,0.11%,0.07%,0.05%,0.02%,0.05%,0.13%,0.13%,0.04%,0.06%,0.17%,0.13%,0.13%,0.13%,0.09%,0.06%,0.03%,0.02%,0.02%,0.08%,0.08%,24.39%,24.39%,12.19%,0.06%,0.13%,0.06%,0.08%,0.28%,0.03%,0.07%,0.12%,0.09%,0.02%,0.02%,0.02%,0.02%,0.02%,0.02%,0.02%,0.02%,0.02%,0.02%,0.02%,0.02%,0.02%,0.02%,0.02%,0.02%,0.02%,0.02%,0.02%,0.02%,0.02%,0.02%,0.02%,0.02%,0.02%,0.02%,0.02%,0.02%,0.02%,0.02%,0.02%,0.02%,0.51%,1.69%,0.68%,0.68%,0.08%,0.68%,0.76%,0.59%,0.76%,0.76%,0.76%,0.42%,0.85%,0.17%
039,150-380,3HAEUMMR4TL493145,100%,17,GOLFO NORTE,0.72%,1.02%,0.08%,0.13%,0.11%,0.08%,0.02%,0.06%,0.04%,0.13%,0.19%,0.15%,0.91%,0.19%,0.15%,0.13%,0.06%,0.11%,0.17%,0.02%,0.11%,0.02%,0.30%,0.17%,0.08%,0.34%,0.13%,0.13%,0.08%,0.15%,0.61%,0.34%,12.55%,0.20%,0.28%,0.14%,0.34%,0.44%,#REF!,0.13%,0.02%,0.61%,0.17%,0.06%,0.06%,0.02%,0.08%,0.08%,0.13%,0.13%,0.08%,0.06%,0.04%,0.15%,0.15%,0.04%,0.21%,0.13%,0.06%,0.30%,0.04%,0.08%,0.08%,0.02%,0.02%,0.06%,0.11%,0.04%,0.04%,0.06%,0.02%,0.06%,0.13%,0.74%,0.13%,0.06%,0.04%,0.08%,0.08%,0.08%,0.22%,0.08%,0.06%,0.06%,0.06%,0.04%,0.08%,0.08%,0.14%,0.11%,0.07%,0.05%,0.02%,0.05%,0.13%,0.13%,0.04%,0.06%,0.17%,0.13%,0.13%,0.13%,0.09%,0.06%,0.03%,0.02%,0.02%,0.08%,0.08%,24.39%,24.39%,12.19%,0.06%,0.13%,0.06%,0.08%,0.28%,0.03%,0.07%,0.12%,0.09%,0.02%,0.02%,0.02%,0.02%,0.02%,0.02%,0.02%,0.02%,0.02%,0.02%,0.02%,0.02%,0.02%,0.02%,0.02%,0.02%,0.02%,0.02%,0.02%,0.02%,0.02%,0.02%,0.02%,0.02%,0.02%,0.02%,0.02%,0.02%,0.02%,0.02%,0.02%,0.02%,0.51%,1.69%,0.68%,0.68%,0.08%,0.68%,0.76%,0.59%,0.76%,0.76%,0.76%,0.42%,0.85%,0.17%
040,150-381,3HAEUMMR4TL493307,100%,18,GOLFO NORTE,0.72%,1.02%,0.08%,0.13%,0.11%,0.08%,0.02%,0.06%,0.04%,0.13%,0.19%,0.15%,0.91%,0.19%,0.15%,0.13%,0.06%,0.11%,0.17%,0.02%,0.11%,0.02%,0.30%,0.17%,0.08%,0.34%,0.13%,0.13%,0.08%,0.15%,0.61%,0.34%,12.55%,0.20%,0.28%,0.14%,0.34%,0.44%,#REF!,0.13%,0.02%,0.61%,0.17%,0.06%,0.06%,0.02%,0.08%,0.08%,0.13%,0.13%,0.08%,0.06%,0.04%,0.15%,0.15%,0.04%,0.21%,0.13%,0.06%,0.30%,0.04%,0.08%,0.08%,0.02%,0.02%,0.06%,0.11%,0.04%,0.04%,0.06%,0.02%,0.06%,0.13%,0.74%,0.13%,0.06%,0.04%,0.08%,0.08%,0.08%,0.22%,0.08%,0.06%,0.06%,0.06%,0.04%,0.08%,0.08%,0.14%,0.11%,0.07%,0.05%,0.02%,0.05%,0.13%,0.13%,0.04%,0.06%,0.17%,0.13%,0.13%,0.13%,0.09%,0.06%,0.03%,0.02%,0.02%,0.08%,0.08%,24.39%,24.39%,12.19%,0.06%,0.13%,0.06%,0.08%,0.28%,0.03%,0.07%,0.12%,0.09%,0.02%,0.02%,0.02%,0.02%,0.02%,0.02%,0.02%,0.02%,0.02%,0.02%,0.02%,0.02%,0.02%,0.02%,0.02%,0.02%,0.02%,0.02%,0.02%,0.02%,0.02%,0.02%,0.02%,0.02%,0.02%,0.02%,0.02%,0.02%,0.02%,0.02%,0.02%,0.02%,0.51%,1.69%,0.68%,0.68%,0.08%,0.68%,0.76%,0.59%,0.76%,0.76%,0.76%,0.42%,0.85%,0.17%
041,150-382,3HAEUMMR5TL493106,99%,19,GOLFO NORTE,0.72%,1.02%,0.08%,0.13%,0.11%,0.08%,0.02%,0.06%,0.04%,0.13%,0.19%,0.15%,0.91%,0.19%,0.15%,0.13%,0.06%,0.11%,0.17%,0.02%,0.11%,0.02%,0.30%,0.17%,0.08%,0.34%,0.13%,0.13%,0.08%,0.15%,0.61%,0.34%,12.55%,0.20%,0.28%,0.14%,0.34%,0.44%,#REF!,0.13%,0.02%,0.61%,0.17%,0.06%,0.06%,0.02%,0.08%,0.08%,,0.13%,0.08%,0.06%,0.04%,0.15%,0.15%,0.04%,0.21%,0.13%,0.06%,0.30%,0.04%,0.08%,0.08%,0.02%,0.02%,0.06%,0.11%,0.04%,0.04%,0.06%,0.02%,0.06%,0.13%,0.74%,0.13%,0.06%,0.04%,0.08%,0.08%,0.08%,0.22%,0.08%,0.06%,0.06%,0.06%,0.04%,0.08%,0.08%,0.14%,0.11%,0.07%,0.05%,0.02%,0.05%,0.13%,0.13%,0.04%,0.06%,0.17%,0.13%,0.13%,0.13%,0.09%,0.06%,0.03%,0.02%,0.02%,0.08%,0.08%,24.39%,24.39%,12.19%,0.06%,0.13%,0.06%,0.08%,0.28%,0.03%,0.07%,0.12%,0.09%,0.02%,0.02%,0.02%,0.02%,0.02%,0.02%,0.02%,0.02%,0.02%,0.02%,0.02%,0.02%,0.02%,0.02%,0.02%,0.02%,0.02%,0.02%,0.02%,0.02%,0.02%,0.02%,0.02%,0.02%,0.02%,0.02%,0.02%,0.02%,0.02%,0.02%,0.02%,0.02%,0.51%,1.69%,0.68%,0.68%,0.08%,0.68%,0.76%,0.59%,0.76%,0.76%,0.76%,0.42%,0.85%,0.17%
042,150-383,3HAEUMMR6TL492501,99%,20,GOLFO NORTE,0.72%,1.02%,0.08%,0.13%,0.11%,0.08%,0.02%,0.06%,0.04%,0.13%,0.19%,0.15%,0.91%,0.19%,0.15%,0.13%,0.06%,0.11%,0.17%,0.02%,0.11%,0.02%,0.30%,0.17%,0.08%,0.34%,0.13%,0.13%,0.08%,0.15%,0.61%,0.34%,12.55%,0.20%,0.28%,0.14%,0.34%,0.44%,#REF!,0.13%,0.02%,0.61%,0.17%,0.06%,0.06%,0.02%,0.08%,0.08%,,0.13%,0.08%,0.06%,0.04%,0.15%,0.15%,0.04%,0.21%,0.13%,0.06%,0.30%,0.04%,0.08%,0.08%,0.02%,0.02%,0.06%,0.11%,0.04%,0.04%,0.06%,0.02%,0.06%,0.13%,0.74%,0.13%,0.06%,0.04%,0.08%,0.08%,0.08%,0.22%,0.08%,0.06%,0.06%,0.06%,0.04%,0.08%,0.08%,0.14%,0.11%,0.07%,0.05%,0.02%,0.05%,0.13%,0.13%,0.04%,0.06%,0.17%,0.13%,0.13%,0.13%,0.09%,0.06%,0.03%,0.02%,0.02%,0.08%,0.08%,24.39%,24.39%,12.19%,0.06%,0.13%,0.06%,0.08%,0.28%,0.03%,0.07%,0.12%,0.09%,0.02%,0.02%,0.02%,0.02%,0.02%,0.02%,0.02%,0.02%,0.02%,0.02%,0.02%,0.02%,0.02%,0.02%,0.02%,0.02%,0.02%,0.02%,0.02%,0.02%,0.02%,0.02%,0.02%,0.02%,0.02%,0.02%,0.02%,0.02%,0.02%,0.02%,0.02%,0.02%,0.51%,1.69%,0.68%,0.68%,0.08%,0.68%,0.76%,0.59%,0.76%,0.76%,0.76%,0.42%,0.85%,0.17%
043,150-384,3HAEUMMR6TL492594,99%,21,GOLFO NORTE,0.72%,1.02%,0.08%,0.13%,0.11%,0.08%,0.02%,0.06%,0.04%,0.13%,0.19%,0.15%,0.91%,0.19%,0.15%,0.13%,0.06%,0.11%,0.17%,0.02%,0.11%,0.02%,0.30%,0.17%,0.08%,0.34%,0.13%,0.13%,0.08%,0.15%,0.61%,0.34%,12.55%,0.20%,0.28%,0.14%,0.34%,0.44%,#REF!,0.13%,0.02%,0.61%,0.17%,0.06%,0.06%,0.02%,0.08%,0.08%,,0.13%,0.08%,0.06%,0.04%,0.15%,0.15%,0.04%,0.21%,0.13%,0.06%,0.30%,0.04%,0.08%,0.08%,0.02%,0.02%,0.06%,0.11%,0.04%,0.04%,0.06%,0.02%,0.06%,0.13%,0.74%,0.13%,0.06%,0.04%,0.08%,0.08%,0.08%,0.22%,0.08%,0.06%,0.06%,0.06%,0.04%,0.08%,0.08%,0.14%,0.11%,0.07%,0.05%,0.02%,0.05%,0.13%,0.13%,0.04%,0.06%,0.17%,0.13%,0.13%,0.13%,0.09%,0.06%,0.03%,0.02%,0.02%,0.08%,0.08%,24.39%,24.39%,12.19%,0.06%,0.13%,0.06%,0.08%,0.28%,0.03%,0.07%,0.12%,0.09%,0.02%,0.02%,0.02%,0.02%,0.02%,0.02%,0.02%,0.02%,0.02%,0.02%,0.02%,0.02%,0.02%,0.02%,0.02%,0.02%,0.02%,0.02%,0.02%,0.02%,0.02%,0.02%,0.02%,0.02%,0.02%,0.02%,0.02%,0.02%,0.02%,0.02%,0.02%,0.02%,0.51%,1.69%,0.68%,0.68%,0.08%,0.68%,0.76%,0.59%,0.76%,0.76%,0.76%,0.42%,0.85%,0.17%
044,150-385,3HAEUMMR7TL492216,99%,22,GOLFO NORTE,0.72%,1.02%,0.08%,0.13%,0.11%,0.08%,0.02%,0.06%,0.04%,0.13%,0.19%,0.15%,0.91%,0.19%,0.15%,0.13%,0.06%,0.11%,0.17%,0.02%,0.11%,0.02%,0.30%,0.17%,0.08%,0.34%,0.13%,0.13%,0.08%,0.15%,0.61%,0.34%,12.55%,0.20%,0.28%,0.14%,0.34%,0.44%,#REF!,0.13%,0.02%,0.61%,0.17%,0.06%,0.06%,0.02%,0.08%,0.08%,,0.13%,0.08%,0.06%,0.04%,0.15%,0.15%,0.04%,0.21%,0.13%,0.06%,0.30%,0.04%,0.08%,0.08%,0.02%,0.02%,0.06%,0.11%,0.04%,0.04%,0.06%,0.02%,0.06%,0.13%,0.74%,0.13%,0.06%,0.04%,0.08%,0.08%,0.08%,0.22%,0.08%,0.06%,0.06%,0.06%,0.04%,0.08%,0.08%,0.14%,0.11%,0.07%,0.05%,0.02%,0.05%,0.13%,0.13%,0.04%,0.06%,0.17%,0.13%,0.13%,0.13%,0.09%,0.06%,0.03%,0.02%,0.02%,0.08%,0.08%,24.39%,24.39%,12.19%,0.06%,0.13%,0.06%,0.08%,0.28%,0.03%,0.07%,0.12%,0.09%,0.02%,0.02%,0.02%,0.02%,0.02%,0.02%,0.02%,0.02%,0.02%,0.02%,0.02%,0.02%,0.02%,0.02%,0.02%,0.02%,0.02%,0.02%,0.02%,0.02%,0.02%,0.02%,0.02%,0.02%,0.02%,0.02%,0.02%,0.02%,0.02%,0.02%,0.02%,0.02%,0.51%,1.69%,0.68%,0.68%,0.08%,0.68%,0.76%,0.59%,0.76%,0.76%,0.76%,0.42%,0.85%,0.17%
045,150-386,3HAEUMMR7TL492619,99%,23,GOLFO NORTE,0.72%,1.02%,0.08%,0.13%,0.11%,0.08%,0.02%,0.06%,0.04%,0.13%,0.19%,0.15%,0.91%,0.19%,0.15%,0.13%,0.06%,0.11%,0.17%,0.02%,0.11%,0.02%,0.30%,0.17%,0.08%,0.34%,0.13%,0.13%,0.08%,0.15%,0.61%,0.34%,12.55%,0.20%,0.28%,0.14%,0.34%,0.44%,#REF!,0.13%,0.02%,0.61%,0.17%,0.06%,0.06%,0.02%,0.08%,0.08%,,0.13%,0.08%,0.06%,0.04%,0.15%,0.15%,0.04%,0.21%,0.13%,0.06%,0.30%,0.04%,0.08%,0.08%,0.02%,0.02%,0.06%,0.11%,0.04%,0.04%,0.06%,0.02%,0.06%,0.13%,0.74%,0.13%,0.06%,0.04%,0.08%,0.08%,0.08%,0.22%,0.08%,0.06%,0.06%,0.06%,0.04%,0.08%,0.08%,0.14%,0.11%,0.07%,0.05%,0.02%,0.05%,0.13%,0.13%,0.04%,0.06%,0.17%,0.13%,0.13%,0.13%,0.09%,0.06%,0.03%,0.02%,0.02%,0.08%,0.08%,24.39%,24.39%,12.19%,0.06%,0.13%,0.06%,0.08%,0.28%,0.03%,0.07%,0.12%,0.09%,0.02%,0.02%,0.02%,0.02%,0.02%,0.02%,0.02%,0.02%,0.02%,0.02%,0.02%,0.02%,0.02%,0.02%,0.02%,0.02%,0.02%,0.02%,0.02%,0.02%,0.02%,0.02%,0.02%,0.02%,0.02%,0.02%,0.02%,0.02%,0.02%,0.02%,0.02%,0.02%,0.51%,1.69%,0.68%,0.68%,0.08%,0.68%,0.76%,0.59%,0.76%,0.76%,0.76%,0.42%,0.85%,0.17%
046,150-387,3HAEUMMR7TL493107,99%,24,GOLFO NORTE,0.72%,1.02%,0.08%,0.13%,0.11%,0.08%,0.02%,0.06%,0.04%,0.13%,0.19%,0.15%,0.91%,0.19%,0.15%,0.13%,0.06%,0.11%,0.17%,0.02%,0.11%,0.02%,0.30%,0.17%,0.08%,0.34%,0.13%,0.13%,0.08%,0.15%,0.61%,0.34%,12.55%,0.20%,0.28%,0.14%,0.34%,0.44%,#REF!,0.13%,0.02%,0.61%,0.17%,0.06%,0.06%,0.02%,0.08%,0.08%,,0.13%,0.08%,0.06%,0.04%,0.15%,0.15%,0.04%,0.21%,0.13%,0.06%,0.30%,0.04%,0.08%,0.08%,0.02%,0.02%,0.06%,0.11%,0.04%,0.04%,0.06%,0.02%,0.06%,0.13%,0.74%,0.13%,0.06%,0.04%,0.08%,0.08%,0.08%,0.22%,0.08%,0.06%,0.06%,0.06%,0.04%,0.08%,0.08%,0.14%,0.11%,0.07%,0.05%,0.02%,0.05%,0.13%,0.13%,0.04%,0.06%,0.17%,0.13%,0.13%,0.13%,0.09%,0.06%,0.03%,0.02%,0.02%,0.08%,0.08%,24.39%,24.39%,12.19%,0.06%,0.13%,0.06%,0.08%,0.28%,0.03%,0.07%,0.12%,0.09%,0.02%,0.02%,0.02%,0.02%,0.02%,0.02%,0.02%,0.02%,0.02%,0.02%,0.02%,0.02%,0.02%,0.02%,0.02%,0.02%,0.02%,0.02%,0.02%,0.02%,0.02%,0.02%,0.02%,0.02%,0.02%,0.02%,0.02%,0.02%,0.02%,0.02%,0.02%,0.02%,0.51%,1.69%,0.68%,0.68%,0.08%,0.68%,0.76%,0.59%,0.76%,0.76%,0.76%,0.42%,0.85%,0.17%
047,150-388,3HAEUMMR8TL492595,99%,25,GOLFO NORTE,0.72%,1.02%,0.08%,0.13%,0.11%,0.08%,0.02%,0.06%,0.04%,0.13%,0.19%,0.15%,0.91%,0.19%,0.15%,0.13%,0.06%,0.11%,0.17%,0.02%,0.11%,0.02%,0.30%,0.17%,0.08%,0.34%,0.13%,0.13%,0.08%,0.15%,0.61%,0.34%,12.55%,0.20%,0.28%,0.14%,0.34%,0.44%,#REF!,0.13%,0.02%,0.61%,0.17%,0.06%,0.06%,0.02%,0.08%,0.08%,,0.13%,0.08%,0.06%,0.04%,0.15%,0.15%,0.04%,0.21%,0.13%,0.06%,0.30%,0.04%,0.08%,0.08%,0.02%,0.02%,0.06%,0.11%,0.04%,0.04%,0.06%,0.02%,0.06%,0.13%,0.74%,0.13%,0.06%,0.04%,0.08%,0.08%,0.08%,0.22%,0.08%,0.06%,0.06%,0.06%,0.04%,0.08%,0.08%,0.14%,0.11%,0.07%,0.05%,0.02%,0.05%,0.13%,0.13%,0.04%,0.06%,0.17%,0.13%,0.13%,0.13%,0.09%,0.06%,0.03%,0.02%,0.02%,0.08%,0.08%,24.39%,24.39%,12.19%,0.06%,0.13%,0.06%,0.08%,0.28%,0.03%,0.07%,0.12%,0.09%,0.02%,0.02%,0.02%,0.02%,0.02%,0.02%,0.02%,0.02%,0.02%,0.02%,0.02%,0.02%,0.02%,0.02%,0.02%,0.02%,0.02%,0.02%,0.02%,0.02%,0.02%,0.02%,0.02%,0.02%,0.02%,0.02%,0.02%,0.02%,0.02%,0.02%,0.02%,0.02%,0.51%,1.69%,0.68%,0.68%,0.08%,0.68%,0.76%,0.59%,0.76%,0.76%,0.76%,0.42%,0.85%,0.17%
048,150-389,3HAEUMMR8TL495500,97%,26,GOLFO NORTE,0.72%,1.02%,0.08%,0.13%,0.11%,0.08%,0.02%,0.06%,0.04%,0.13%,0.19%,0.15%,0.91%,0.19%,0.15%,0.13%,0.06%,0.11%,0.17%,0.02%,0.11%,0.02%,0.30%,0.17%,0.08%,0.34%,0.13%,0.13%,0.08%,0.15%,0.61%,0.34%,12.55%,0.20%,0.28%,0.14%,0.34%,0.44%,#REF!,0.13%,0.02%,0.61%,0.17%,0.06%,0.06%,0.02%,0.08%,0.08%,,0.13%,0.08%,0.06%,0.04%,0.15%,0.15%,0.04%,0.21%,0.13%,0.06%,0.30%,0.04%,0.08%,0.08%,0.02%,0.02%,0.06%,0.11%,0.04%,,,0.02%,0.06%,0.13%,0.74%,0.13%,0.06%,0.04%,0.08%,0.08%,0.08%,,0.08%,0.06%,0.06%,0.06%,0.04%,0.08%,0.08%,0.14%,0.11%,0.07%,0.05%,0.02%,0.05%,0.13%,0.13%,0.04%,0.06%,0.17%,0.13%,0.13%,0.13%,0.09%,0.06%,0.03%,0.02%,0.02%,0.08%,0.08%,24.39%,24.39%,12.19%,0.06%,0.13%,0.06%,0.08%,0.28%,0.03%,0.07%,0.12%,0.09%,0.02%,0.02%,0.02%,0.02%,0.02%,0.02%,0.02%,0.02%,0.02%,0.02%,0.02%,0.02%,0.02%,0.02%,0.02%,0.02%,0.02%,0.02%,0.02%,0.02%,0.02%,0.02%,0.02%,0.02%,0.02%,0.02%,0.02%,0.02%,0.02%,0.02%,0.02%,0.02%,,1.69%,0.68%,0.68%,0.08%,0.68%,0.76%,0.59%,0.76%,0.76%,0.76%,0.42%,0.85%,0.17%
049,150-390,3HAEUMMR9TL493271,97%,27,GOLFO NORTE,0.72%,1.02%,0.08%,0.13%,0.11%,0.08%,0.02%,0.06%,0.04%,0.13%,0.19%,0.15%,0.91%,0.19%,0.15%,0.13%,0.06%,0.11%,0.17%,0.02%,0.11%,0.02%,0.30%,0.17%,0.08%,0.34%,0.13%,0.13%,0.08%,0.15%,0.61%,0.34%,12.55%,0.20%,0.28%,0.14%,0.34%,0.44%,#REF!,0.13%,0.02%,0.61%,0.17%,0.06%,0.06%,0.02%,0.08%,0.08%,,0.13%,0.08%,0.06%,0.04%,0.15%,0.15%,0.04%,0.21%,0.13%,0.06%,0.30%,0.04%,0.08%,0.08%,0.02%,0.02%,0.06%,0.11%,0.04%,,,0.02%,0.06%,0.13%,0.74%,0.13%,0.06%,0.04%,0.08%,0.08%,0.08%,,0.08%,0.06%,0.06%,0.06%,0.04%,0.08%,0.08%,0.14%,0.11%,0.07%,0.05%,0.02%,0.05%,0.13%,0.13%,0.04%,0.06%,0.17%,0.13%,0.13%,0.13%,0.09%,0.06%,0.03%,0.02%,0.02%,0.08%,0.08%,24.39%,24.39%,12.19%,0.06%,0.13%,0.06%,0.08%,0.28%,0.03%,0.07%,0.12%,0.09%,0.02%,0.02%,0.02%,0.02%,0.02%,0.02%,0.02%,0.02%,0.02%,0.02%,0.02%,0.02%,0.02%,0.02%,0.02%,0.02%,0.02%,0.02%,0.02%,0.02%,0.02%,0.02%,0.02%,0.02%,0.02%,0.02%,0.02%,0.02%,0.02%,0.02%,0.02%,0.02%,,1.69%,0.68%,0.68%,0.08%,0.68%,0.76%,0.59%,0.76%,0.76%,0.76%,0.42%,0.85%,0.17%
050,150-391,3HAEUMMRXTL491867,97%,28,GOLFO NORTE,0.72%,1.02%,0.08%,0.13%,0.11%,0.08%,0.02%,0.06%,0.04%,0.13%,0.19%,0.15%,0.91%,0.19%,0.15%,0.13%,0.06%,0.11%,0.17%,0.02%,0.11%,0.02%,0.30%,0.17%,0.08%,0.34%,0.13%,0.13%,0.08%,0.15%,0.61%,0.34%,12.55%,0.20%,0.28%,0.14%,0.34%,0.44%,#REF!,0.13%,0.02%,0.61%,0.17%,0.06%,0.06%,0.02%,0.08%,0.08%,,0.13%,0.08%,0.06%,0.04%,0.15%,0.15%,0.04%,0.21%,0.13%,0.06%,0.30%,0.04%,0.08%,0.08%,0.02%,0.02%,0.06%,0.11%,0.04%,,,0.02%,0.06%,0.13%,0.74%,0.13%,0.06%,0.04%,0.08%,0.08%,0.08%,,0.08%,0.06%,0.06%,0.06%,0.04%,0.08%,0.08%,0.14%,0.11%,0.07%,0.05%,0.02%,0.05%,0.13%,0.13%,0.04%,0.06%,0.17%,0.13%,0.13%,0.13%,0.09%,0.06%,0.03%,0.02%,0.02%,0.08%,0.08%,24.39%,24.39%,12.19%,0.06%,0.13%,0.06%,0.08%,0.28%,0.03%,0.07%,0.12%,0.09%,0.02%,0.02%,0.02%,0.02%,0.02%,0.02%,0.02%,0.02%,0.02%,0.02%,0.02%,0.02%,0.02%,0.02%,0.02%,0.02%,0.02%,0.02%,0.02%,0.02%,0.02%,0.02%,0.02%,0.02%,0.02%,0.02%,0.02%,0.02%,0.02%,0.02%,0.02%,0.02%,,1.69%,0.68%,0.68%,0.08%,0.68%,0.76%,0.59%,0.76%,0.76%,0.76%,0.42%,0.85%,0.17%
051,150-392,3HAEUMMR0TL493899,86%,29,GOLFO NORTE,0.72%,1.02%,0.08%,0.13%,0.11%,0.08%,0.02%,0.06%,0.04%,0.13%,0.19%,0.15%,0.91%,0.19%,0.15%,0.13%,0.06%,0.11%,0.17%,0.02%,0.11%,0.02%,0.30%,0.17%,0.08%,0.34%,0.13%,0.13%,0.08%,0.15%,0.61%,0.34%,12.55%,0.20%,0.28%,0.14%,0.34%,0.44%,#REF!,0.13%,0.02%,0.61%,0.17%,0.06%,0.06%,0.02%,0.08%,0.08%,,0.13%,0.08%,0.06%,0.04%,0.15%,0.15%,0.04%,0.21%,0.13%,0.06%,0.30%,0.04%,0.08%,0.08%,0.02%,0.02%,0.06%,,0.04%,,,0.02%,0.06%,0.13%,,,0.06%,0.04%,,,0.08%,,0.08%,0.06%,0.06%,0.06%,0.04%,0.08%,0.08%,0.14%,0.11%,0.07%,0.05%,0.02%,0.05%,0.13%,0.13%,0.04%,0.06%,0.17%,0.13%,0.13%,0.13%,0.09%,0.06%,0.03%,0.02%,0.02%,0.08%,0.08%,24.39%,24.39%,12.19%,0.06%,0.13%,0.06%,0.08%,0.28%,0.03%,0.07%,0.12%,0.09%,0.02%,0.02%,0.02%,0.02%,0.02%,0.02%,0.02%,0.02%,0.02%,0.02%,0.02%,0.02%,0.02%,0.02%,0.02%,0.02%,0.02%,0.02%,0.02%,0.02%,0.02%,0.02%,0.02%,0.02%,0.02%,0.02%,0.02%,0.02%,0.02%,0.02%,0.02%,,,,,,,,,,,,,,,
052,150-393,3HAEUMMR1TL493412,86%,30,GOLFO NORTE,0.72%,1.02%,0.08%,0.13%,0.11%,0.08%,0.02%,0.06%,0.04%,0.13%,0.19%,0.15%,0.91%,0.19%,0.15%,0.13%,0.06%,0.11%,0.17%,0.02%,0.11%,0.02%,0.30%,0.17%,0.08%,0.34%,0.13%,0.13%,0.08%,0.15%,0.61%,0.34%,12.55%,0.20%,0.28%,0.14%,0.34%,0.44%,#REF!,0.13%,0.02%,0.61%,0.17%,0.06%,0.06%,0.02%,0.08%,0.08%,,0.13%,0.08%,0.06%,0.04%,0.15%,0.15%,0.04%,0.21%,0.13%,0.06%,0.30%,0.04%,0.08%,0.08%,0.02%,0.02%,0.06%,,0.04%,,,0.02%,0.06%,0.13%,,,0.06%,0.04%,,,0.08%,,0.08%,0.06%,0.06%,0.06%,0.04%,0.08%,0.08%,0.14%,0.11%,0.07%,0.05%,0.02%,0.05%,0.13%,0.13%,0.04%,0.06%,0.17%,0.13%,0.13%,0.13%,0.09%,0.06%,0.03%,0.02%,0.02%,0.08%,0.08%,24.39%,24.39%,12.19%,0.06%,0.13%,0.06%,0.08%,0.28%,0.03%,0.07%,0.12%,0.09%,0.02%,0.02%,0.02%,0.02%,0.02%,0.02%,0.02%,0.02%,0.02%,0.02%,0.02%,0.02%,0.02%,0.02%,0.02%,0.02%,0.02%,0.02%,0.02%,0.02%,0.02%,0.02%,0.02%,0.02%,0.02%,0.02%,0.02%,0.02%,0.02%,0.02%,0.02%,,,,,,,,,,,,,,,
053,150-394,3HAEUMMR1TL493717,83%,31,GOLFO NORTE,0.72%,1.02%,0.08%,0.13%,0.11%,0.08%,0.02%,0.06%,0.04%,0.13%,0.19%,0.15%,0.91%,0.19%,0.15%,0.13%,0.06%,0.11%,0.17%,0.02%,0.11%,0.02%,0.30%,0.17%,0.08%,0.34%,0.13%,0.13%,0.08%,0.15%,0.61%,0.34%,12.55%,0.20%,0.28%,0.14%,0.34%,0.44%,#REF!,0.13%,0.02%,0.61%,0.17%,0.06%,0.06%,0.02%,0.08%,0.08%,,0.13%,0.08%,0.06%,0.04%,0.15%,0.15%,0.04%,0.21%,0.13%,0.06%,0.30%,0.04%,,0.08%,,0.02%,,,,,,0.02%,0.06%,0.13%,,,0.06%,0.04%,,,0.08%,,0.08%,0.06%,0.06%,0.06%,0.04%,0.08%,0.08%,0.14%,0.11%,0.07%,0.05%,0.02%,0.05%,0.13%,0.13%,0.04%,0.06%,0.17%,0.13%,0.13%,0.13%,0.09%,0.06%,0.03%,0.02%,0.02%,0.08%,0.08%,24.39%,24.39%,12.19%,0.06%,0.13%,0.06%,0.08%,0.28%,0.03%,0.07%,0.12%,0.09%,0.02%,0.02%,0.02%,0.02%,0.02%,0.02%,0.02%,0.02%,0.02%,0.02%,0.02%,0.02%,0.02%,0.02%,0.02%,0.02%,0.02%,0.02%,0.02%,0.02%,0.02%,0.02%,0.02%,0.02%,0.02%,0.02%,0.02%,0.02%,0.02%,0.02%,0.02%,,,,,,,,,,,,,,,
054,150-395,3HAEUMMR1TL494107,82%,32,GOLFO NORTE,0.72%,1.02%,0.08%,0.13%,0.11%,0.08%,0.02%,0.06%,0.04%,0.13%,0.19%,0.15%,0.91%,0.19%,0.15%,0.13%,0.06%,0.11%,0.17%,0.02%,,0.02%,0.30%,0.17%,0.08%,0.34%,0.13%,0.13%,0.08%,0.15%,0.61%,0.34%,12.55%,0.20%,0.28%,0.14%,0.34%,0.44%,#REF!,0.13%,0.02%,0.61%,0.17%,0.06%,0.06%,0.02%,0.08%,0.08%,,0.13%,0.08%,0.06%,0.04%,0.15%,0.15%,0.04%,0.21%,0.13%,0.06%,,0.04%,,,,0.02%,0.06%,,,,,0.02%,0.06%,0.13%,,,0.06%,0.04%,,,0.08%,,0.08%,0.06%,0.06%,0.06%,0.04%,0.08%,0.08%,0.14%,0.11%,0.07%,0.05%,0.02%,0.05%,0.13%,0.13%,0.04%,0.06%,0.17%,0.13%,0.13%,0.13%,0.09%,0.06%,0.03%,0.02%,0.02%,0.08%,0.08%,24.39%,24.39%,12.19%,0.06%,0.13%,0.06%,0.08%,0.28%,0.03%,0.07%,0.12%,0.09%,0.02%,0.02%,0.02%,0.02%,0.02%,0.02%,0.02%,0.02%,0.02%,0.02%,0.02%,0.02%,0.02%,0.02%,0.02%,0.02%,0.02%,0.02%,0.02%,0.02%,0.02%,0.02%,0.02%,0.02%,0.02%,0.02%,0.02%,0.02%,0.02%,0.02%,0.02%,,,,,,,,,,,,,,,
055,150-396,3HAEUMMR1TL494592,81%,33,GOLFO NORTE,0.72%,1.02%,0.08%,0.13%,0.11%,0.08%,0.02%,0.06%,0.04%,0.13%,0.19%,0.15%,0.91%,0.19%,0.15%,0.13%,0.06%,0.11%,0.17%,0.02%,,0.02%,0.30%,0.17%,0.08%,0.34%,0.13%,0.13%,0.08%,0.15%,0.61%,0.34%,12.55%,0.20%,0.28%,0.14%,0.34%,0.44%,#REF!,0.13%,0.02%,0.61%,0.17%,0.06%,0.06%,0.02%,0.08%,0.08%,,0.13%,0.08%,0.06%,0.04%,0.15%,0.15%,,0.21%,0.13%,0.06%,,0.04%,,,,0.02%,0.06%,,,,,0.02%,0.06%,0.13%,,,0.06%,0.04%,,,0.08%,,0.08%,0.06%,0.06%,0.06%,0.04%,0.08%,0.08%,0.14%,0.11%,0.07%,0.05%,0.02%,0.05%,0.13%,0.13%,0.04%,0.06%,0.17%,0.13%,0.13%,0.13%,0.09%,0.06%,0.03%,0.02%,0.02%,0.08%,0.08%,24.39%,24.39%,12.19%,0.06%,0.13%,0.06%,0.08%,0.28%,0.03%,0.07%,0.12%,0.09%,0.02%,0.02%,0.02%,0.02%,0.02%,0.02%,0.02%,0.02%,0.02%,0.02%,0.02%,0.02%,0.02%,0.02%,0.02%,0.02%,0.02%,0.02%,0.02%,0.02%,0.02%,0.02%,0.02%,0.02%,0.02%,0.02%,0.02%,0.02%,0.02%,0.02%,0.02%,,,,,,,,,,,,,,,
056,150-397,3HAEUMMR2TL494262,67%,34,GOLFO NORTE,0.72%,1.02%,0.08%,0.13%,0.11%,0.08%,0.02%,0.06%,0.04%,0.13%,0.19%,0.15%,0.91%,0.19%,0.15%,0.13%,0.06%,0.11%,0.17%,0.02%,,0.02%,0.30%,0.17%,0.08%,0.34%,0.13%,0.13%,0.08%,0.15%,0.61%,0.34%,12.55%,0.20%,0.28%,0.14%,,,#REF!,,0.02%,,,,,,,,,,,,,,0.15%,,,,,,0.04%,,,,,0.06%,,,,,,,,,,,0.04%,,,,,0.08%,0.06%,0.06%,0.06%,0.04%,0.08%,0.08%,0.14%,0.11%,0.07%,0.05%,0.02%,0.05%,0.13%,0.13%,0.04%,0.06%,0.17%,0.13%,0.13%,0.13%,0.09%,0.06%,0.03%,0.02%,0.02%,0.08%,0.08%,24.39%,24.39%,12.19%,0.06%,0.13%,0.06%,0.08%,0.28%,0.03%,0.07%,0.12%,0.09%,0.02%,0.02%,0.02%,0.02%,0.02%,0.02%,0.02%,0.02%,0.02%,0.02%,0.02%,0.02%,0.02%,0.02%,0.02%,0.02%,0.02%,0.02%,0.02%,0.02%,0.02%,0.02%,0.02%,0.02%,0.02%,0.02%,0.02%,0.02%,0.02%,0.02%,0.02%,,,,,,,,,,,,,,,
057,150-398,3HAEUMMR2TL494486,52%,35,GOLFO NORTE,0.72%,1.02%,0.08%,0.13%,0.11%,0.08%,0.02%,0.06%,0.04%,0.13%,0.19%,0.15%,0.91%,0.19%,0.15%,0.13%,0.06%,0.11%,0.17%,0.02%,,0.02%,0.30%,0.17%,0.08%,0.34%,0.13%,0.13%,0.08%,0.15%,0.61%,0.34%,12.55%,0.20%,0.28%,0.14%,,,#REF!,,0.02%,,,,,,,,,,,,,,0.15%,,0.21%,0.13%,0.06%,,0.04%,,,,,,,,,,0.02%,0.06%,0.13%,,,0.06%,0.04%,,,0.08%,,0.08%,0.06%,0.06%,0.06%,0.04%,0.08%,0.08%,0.14%,0.11%,0.07%,0.05%,0.02%,0.05%,0.13%,0.13%,0.04%,0.06%,0.17%,0.13%,0.13%,0.13%,0.09%,0.06%,0.03%,0.02%,0.02%,0.08%,0.08%,24.39%,24.39%,12.19%,0.06%,0.13%,0.06%,0.08%,0.28%,0.03%,0.07%,0.12%,0.09%,,,,,,,,,,,,,,,,,,,,,,,,,,,,,,,,,,,,,,,,,,,,,,
058,150-399,3HAEUMMR2TL494567,52%,36,GOLFO NORTE,0.72%,1.02%,0.08%,0.13%,0.11%,0.08%,0.02%,0.06%,0.04%,0.13%,0.19%,0.15%,0.91%,0.19%,0.15%,0.13%,0.06%,0.11%,0.17%,0.02%,,0.02%,0.30%,0.17%,0.08%,0.34%,0.13%,0.13%,0.08%,0.15%,0.61%,0.34%,12.55%,0.20%,0.28%,0.14%,,,#REF!,,0.02%,,,,,,,,,,,,,,0.15%,0.04%,0.21%,0.13%,0.06%,,0.04%,,,,,0.06%,,,,,,,0.13%,,,0.06%,0.04%,,,0.08%,,0.08%,0.06%,0.06%,0.06%,0.04%,0.08%,0.08%,0.14%,0.11%,0.07%,0.05%,0.02%,0.05%,0.13%,0.13%,0.04%,0.06%,0.17%,0.13%,0.13%,0.13%,0.09%,0.06%,0.03%,0.02%,0.02%,0.08%,0.08%,24.39%,24.39%,12.19%,0.06%,0.13%,0.06%,0.08%,0.28%,0.03%,0.07%,0.12%,0.09%,,,,,,,,,,,,,,,,,,,,,,,,,,,,,,,,,,,,,,,,,,,,,,
059,150-400,3HAEUMMR3TL494108,51%,37,GOLFO NORTE,0.72%,1.02%,0.08%,0.13%,0.11%,0.08%,0.02%,0.06%,0.04%,0.13%,0.19%,0.15%,0.91%,0.19%,0.15%,0.13%,0.06%,0.11%,0.17%,0.02%,,0.02%,0.30%,0.17%,0.08%,0.34%,0.13%,0.13%,0.08%,0.15%,0.61%,0.34%,12.55%,0.20%,0.28%,0.14%,,,#REF!,,0.02%,,,,,,,,,,,,,,0.15%,,0.21%,,0.06%,0.30%,0.04%,,,,,,,,,,0.02%,,,,,0.06%,0.04%,,,0.08%,,0.08%,0.06%,0.06%,0.06%,0.04%,0.08%,0.08%,0.14%,0.11%,0.07%,0.05%,0.02%,0.05%,0.13%,0.13%,0.04%,0.06%,0.17%,0.13%,0.13%,0.13%,0.09%,0.06%,0.03%,0.02%,0.02%,0.08%,0.08%,24.39%,24.39%,12.19%,0.06%,0.13%,0.06%,0.08%,0.28%,0.03%,0.07%,0.12%,0.09%,,,,,,,,,,,,,,,,,,,,,,,,,,,,,,,,,,,,,,,,,,,,,,
060,150-401,3HAEUMMR4TL493968,63%,38,GOLFO NORTE,0.72%,1.02%,0.08%,0.13%,0.11%,0.08%,0.02%,0.06%,0.04%,0.13%,0.19%,0.15%,0.91%,0.19%,0.15%,0.13%,0.06%,0.11%,0.17%,0.02%,,0.02%,0.30%,0.17%,0.08%,0.34%,0.13%,0.13%,0.08%,0.15%,0.61%,0.34%,12.55%,0.20%,0.28%,0.14%,0.34%,0.44%,#REF!,0.13%,0.02%,0.61%,0.17%,0.06%,0.06%,0.02%,0.08%,0.08%,,0.13%,0.08%,0.06%,0.04%,,0.15%,0.04%,0.21%,0.13%,0.06%,0.30%,0.04%,0.08%,0.08%,,,,,,,,0.02%,0.06%,0.13%,,,0.06%,0.04%,,,0.08%,,0.08%,0.06%,0.06%,0.06%,0.04%,0.08%,0.08%,0.14%,0.11%,0.07%,0.05%,0.02%,0.05%,0.13%,0.13%,0.04%,0.06%,0.17%,0.13%,0.13%,0.13%,0.09%,0.06%,0.03%,0.02%,0.02%,0.08%,0.08%,24.39%,24.39%,12.19%,0.06%,0.13%,0.06%,0.08%,0.28%,0.03%,0.07%,0.12%,0.09%,,,,,,,,,,,,,,,,,,,,,,,,,,,,,,,,,,,,,,,,,,,,,,
061,150-402,3HAEUMMR4TL494263,49%,39,GOLFO NORTE,0.72%,1.02%,0.08%,0.13%,0.11%,0.08%,0.02%,0.06%,0.04%,0.13%,0.19%,0.15%,0.91%,0.19%,0.15%,0.13%,0.06%,0.11%,0.17%,0.02%,,0.02%,0.30%,0.17%,0.08%,0.34%,0.13%,0.13%,0.08%,0.15%,0.61%,0.34%,12.55%,0.20%,0.28%,0.14%,,,#REF!,,0.02%,,,,,,,,,,,,,,0.15%,,0.21%,0.13%,0.06%,,,,,,,,,,,,,,,,,0.06%,0.04%,,,,,0.08%,0.06%,0.06%,0.06%,0.04%,0.08%,0.08%,0.14%,0.11%,0.07%,0.05%,0.02%,0.05%,0.13%,0.13%,0.04%,0.06%,0.17%,0.13%,0.13%,0.13%,0.09%,0.06%,0.03%,0.02%,0.02%,0.08%,0.08%,24.39%,24.39%,12.19%,0.06%,0.13%,0.06%,0.08%,0.28%,0.03%,0.07%,0.12%,0.09%,,,,,,,,,,,,,,,,,,,,,,,,,,,,,,,,,,,,,,,,,,,,,,
062,150-403,3HAEUMMR4TL494568,46%,1,NORTE,0.72%,1.02%,0.08%,0.13%,0.11%,0.08%,0.02%,0.06%,0.04%,0.13%,0.19%,0.15%,0.91%,0.19%,0.15%,0.13%,0.06%,0.11%,0.17%,0.02%,,0.02%,0.30%,0.17%,0.08%,0.34%,0.13%,0.13%,0.08%,0.15%,0.61%,0.34%,12.55%,0.20%,0.28%,0.14%,,,#REF!,,0.02%,,,,,,,,,,,,,,0.15%,,,,,,,,,,,,,,,,,,,,,,,,,,,0.08%,0.06%,0.06%,0.06%,0.04%,0.08%,0.08%,0.14%,0.11%,0.07%,0.05%,0.02%,0.05%,0.13%,0.13%,0.04%,0.06%,0.17%,0.13%,0.13%,0.13%,0.09%,0.06%,0.03%,0.02%,0.02%,0.08%,0.08%,24.39%,24.39%,12.19%,0.06%,0.13%,0.06%,0.08%,0.28%,0.03%,0.07%,0.12%,0.09%,,,,,,,,,,,,,,,,,,,,,,,,,,,,,,,,,,,,,,,,,,,,,,
063,150-404,3HAEUMMR6TL493308,55%,2,NORTE,0.72%,1.02%,0.08%,0.13%,0.11%,0.08%,0.02%,0.06%,0.04%,0.13%,0.19%,0.15%,0.91%,0.19%,0.15%,0.13%,0.06%,0.11%,0.17%,0.02%,,0.02%,0.30%,0.17%,0.08%,0.34%,0.13%,0.13%,0.08%,0.15%,0.61%,0.34%,12.55%,0.20%,0.28%,0.14%,0.34%,0.44%,#REF!,0.13%,0.02%,0.61%,0.17%,0.06%,0.06%,0.02%,0.08%,0.08%,,0.13%,0.08%,0.06%,0.04%,0.15%,0.15%,,,,,,,,,,,,,,,,,,,,,,,,,,,0.08%,0.06%,0.06%,0.06%,0.04%,0.08%,0.08%,0.14%,0.11%,0.07%,0.05%,0.02%,0.05%,0.13%,0.13%,0.04%,0.06%,0.17%,0.13%,0.13%,0.13%,0.09%,0.06%,0.03%,0.02%,0.02%,0.08%,0.08%,24.39%,24.39%,12.19%,0.06%,0.13%,0.06%,0.08%,0.28%,0.03%,0.07%,0.12%,0.09%,,,,,,,,,,,,,,,,,,,,,,,,,,,,,,,,,,,,,,,,,,,,,,
064,150-405,3HAEUMMR6TL493969,53%,3,NORTE,0.72%,1.02%,0.08%,0.13%,0.11%,0.08%,0.02%,,0.04%,0.13%,0.19%,0.15%,0.91%,0.19%,,0.13%,0.06%,0.11%,,0.02%,,0.02%,0.30%,0.17%,0.08%,0.34%,0.13%,0.13%,0.08%,0.15%,0.61%,0.34%,12.55%,0.20%,0.28%,0.14%,0.34%,0.44%,#REF!,0.13%,0.02%,0.61%,0.17%,0.06%,0.06%,0.02%,0.08%,0.08%,,0.13%,0.08%,0.06%,0.04%,0.15%,,,,,,,,,,,,,,,,,,,,,,,,,,,,0.08%,0.06%,0.06%,0.06%,0.04%,0.08%,0.08%,0.14%,0.11%,0.07%,0.05%,0.02%,0.05%,0.13%,0.13%,0.04%,0.06%,0.17%,0.13%,0.13%,0.13%,0.09%,0.06%,0.03%,0.02%,0.02%,0.08%,0.08%,24.39%,24.39%,12.19%,0.06%,0.13%,0.06%,0.08%,0.28%,0.03%,0.07%,0.12%,0.09%,,,,,,,,,,,,,,,,,,,,,,,,,,,,,,,,,,,,,,,,,,,,,,
065,150-406,3HAEUMMR7TL493835,55%,4,NORTE,0.72%,1.02%,0.08%,0.13%,0.11%,0.08%,0.02%,0.06%,0.04%,0.13%,0.19%,0.15%,0.91%,0.19%,0.15%,0.13%,0.06%,0.11%,0.17%,0.02%,,0.02%,0.30%,0.17%,0.08%,0.34%,0.13%,0.13%,0.08%,0.15%,0.61%,0.34%,12.55%,0.20%,0.28%,0.14%,0.34%,0.44%,#REF!,0.13%,0.02%,0.61%,0.17%,0.06%,0.06%,0.02%,0.08%,0.08%,,0.13%,0.08%,0.06%,0.04%,0.15%,,,,,,,,,,,,,,,,,,,,,,,,,,,,0.08%,0.06%,0.06%,0.06%,0.04%,0.08%,0.08%,0.14%,0.11%,0.07%,0.05%,0.02%,0.05%,0.13%,0.13%,0.04%,0.06%,0.17%,0.13%,0.13%,0.13%,0.09%,0.06%,0.03%,0.02%,0.02%,0.08%,0.08%,24.39%,24.39%,12.19%,0.06%,0.13%,0.06%,0.08%,0.28%,0.03%,0.07%,0.12%,0.09%,,,,,,,,,,,,,,,,,,,,,,,,,,,,,,,,,,,,,,,,,,,,,,
066,150-407,3HAEUMMR7TL494080,21%,5,NORTE,0.72%,1.02%,0.08%,0.13%,0.11%,0.08%,0.02%,0.06%,0.04%,0.13%,0.19%,0.15%,0.91%,0.19%,0.15%,0.13%,0.06%,0.11%,0.17%,0.02%,,0.02%,,,,,,,,,,,,,,,,,#REF!,,0.02%,,,,,,,,,,,,,,,,,,,,,,,,,,,,,,,,,,,,,,,,,0.08%,0.06%,0.06%,0.06%,0.04%,,,0.14%,0.11%,0.07%,0.05%,0.02%,0.05%,,,,,,0.13%,0.13%,,,,,,,,,,,,,,,,,,,,,,,,,,,,,,,,,,,,,,,,,,,,,,,,,,,,,,,,,,,,,,,,,,
067,150-408,3HAEUMMR7TL494533,21%,6,NORTE,0.72%,1.02%,0.08%,0.13%,0.11%,0.08%,0.02%,0.06%,0.04%,0.13%,0.19%,0.15%,0.91%,0.19%,0.15%,0.13%,0.06%,0.11%,0.17%,0.02%,,0.02%,,,,,,,,,,,,,,,,,#REF!,,0.02%,,,,,,,,,,,,,,,,,,,,,,,,,,,,,,,,,,,,,,,,,0.08%,0.06%,0.06%,0.06%,0.04%,,,0.14%,0.11%,0.07%,0.05%,0.02%,0.05%,,,,,,0.13%,0.13%,,,,,,,,,,,,,,,,,,,,,,,,,,,,,,,,,,,,,,,,,,,,,,,,,,,,,,,,,,,,,,,,,,
068,150-409,3HAEUMMR7TL494578,29%,7,NORTE,0.72%,1.02%,0.08%,0.13%,0.11%,0.08%,0.02%,0.06%,0.04%,0.13%,0.19%,0.15%,0.91%,0.19%,0.15%,0.13%,0.06%,0.11%,0.17%,0.02%,,0.02%,,,,,,,,,,,,,,0.14%,,0.44%,#REF!,0.13%,0.02%,0.61%,0.17%,0.06%,0.06%,,0.08%,0.08%,,0.13%,0.08%,0.06%,0.04%,,,,,,,,,,,,,,,,,,,,,,,,,,,,,0.08%,0.06%,0.06%,0.06%,0.04%,,,0.14%,0.11%,0.07%,0.05%,0.02%,0.05%,,,,,,0.13%,0.13%,,,,,,,,,,,,,,,,,,,,,,,,,,,,,,,,,,,,,,,,,,,,,,,,,,,,,,,,,,,,,,,,,,
069,150-410,3HAEUMMR8TL491866,48%,8,NORTE,0.72%,1.02%,0.08%,0.13%,0.11%,0.08%,0.02%,0.06%,0.04%,0.13%,0.19%,0.15%,0.91%,0.19%,0.15%,0.13%,0.06%,0.11%,0.17%,0.02%,,0.02%,0.30%,0.17%,0.08%,,,,0.08%,0.15%,0.61%,0.34%,,,,0.14%,,0.44%,#REF!,0.13%,0.02%,0.61%,0.17%,0.06%,0.06%,,0.08%,0.08%,,0.13%,0.08%,0.06%,0.04%,,,,,,,,,,,,,,,,,,,,,,,,,,,,,0.08%,0.06%,0.06%,0.06%,0.04%,0.08%,0.08%,0.14%,0.11%,0.07%,0.05%,0.02%,0.05%,,0.13%,0.04%,0.06%,0.17%,0.13%,0.13%,0.13%,0.09%,0.06%,0.03%,0.02%,0.02%,0.08%,0.08%,24.39%,24.39%,,0.06%,0.13%,0.06%,0.08%,0.28%,0.03%,0.07%,0.12%,0.09%,,,,,,,,,,,,,,,,,,,,,,,,,,,,,,,,,,,,,,,,,,,,,,
070,150-411,3HAEUMMR8TL492659,17%,9,NORTE,0.72%,1.02%,0.08%,0.13%,0.11%,0.08%,0.02%,,0.04%,0.13%,0.19%,0.15%,,,,,0.06%,0.11%,,0.02%,,,,,,,,,,,,,,,,,,,#REF!,,0.02%,,,,,,,,,,,,,,,,,,,,,,,,,,,,,,,,,,,,,,,,,0.08%,0.06%,0.06%,0.06%,0.04%,,,0.14%,0.11%,0.07%,0.05%,0.02%,0.05%,,,,,,0.13%,0.13%,,,,,,,,,,,,,,,,,,,,,,,,,,,,,,,,,,,,,,,,,,,,,,,,,,,,,,,,,,,,,,,,,,
071,150-412,3HAEUMMR8TL493990,18%,10,NORTE,0.72%,1.02%,0.08%,0.13%,0.11%,0.08%,0.02%,,0.04%,0.13%,0.19%,0.15%,,0.19%,,0.13%,0.06%,0.11%,,0.02%,,,,,,,,,,,,,,,,,,,#REF!,,0.02%,,,,,,,,,,,,,,,,,,,,,,,,,,,,,,,,,,,,,,,,,0.08%,0.06%,0.06%,0.06%,0.04%,,,0.14%,0.11%,0.07%,0.05%,0.02%,0.05%,,,,,,0.13%,0.13%,,,,,,,,,,,,,,,,,,,,,,,,,,,,,,,,,,,,,,,,,,,,,,,,,,,,,,,,,,,,,,,,,,
072,150-413,3HAEUMMR9TL493836,17%,11,NORTE,0.72%,1.02%,0.08%,0.13%,0.11%,0.08%,0.02%,,0.04%,0.13%,0.19%,0.15%,,,,,0.06%,0.11%,,0.02%,,,,,,,,,,,,,,,,,,,#REF!,,0.02%,,,,,,,,,,,,,,,,,,,,,,,,,,,,,,,,,,,,,,,,,0.08%,0.06%,0.06%,0.06%,0.04%,,,0.14%,0.11%,0.07%,0.05%,0.02%,0.05%,,,,,,0.13%,0.13%,,,,,,,,,,,,,,,,,,,,,,,,,,,,,,,,,,,,,,,,,,,,,,,,,,,,,,,,,,,,,,,,,,
073,150-414,3HAEUMMR9TL493898,18%,1,PENINSULAR,0.72%,1.02%,0.08%,0.13%,0.11%,0.08%,0.02%,,0.04%,0.13%,0.19%,0.15%,,0.19%,,0.13%,0.06%,0.11%,,0.02%,,,,,,,,,,,,,,,,,,,#REF!,,0.02%,,,,,,,,,,,,,,,,,,,,,,,,,,,,,,,,,,,,,,,,,0.08%,0.06%,0.06%,0.06%,0.04%,,,0.14%,0.11%,0.07%,0.05%,0.02%,0.05%,,,,,,0.13%,0.13%,,,,,,,,,,,,,,,,,,,,,,,,,,,,,,,,,,,,,,,,,,,,,,,,,,,,,,,,,,,,,,,,,,
074,150-415,3HAEUMMR9TL494081,17%,2,PENINSULAR,0.72%,1.02%,0.08%,0.13%,0.11%,0.08%,0.02%,,0.04%,0.13%,0.19%,0.15%,,0.19%,,,0.06%,0.11%,,0.02%,,,,,,,,,,,,,,,,,,,#REF!,,0.02%,,,,,,,,,,,,,,,,,,,,,,,,,,,,,,,,,,,,,,,,,0.08%,0.06%,0.06%,0.06%,0.04%,,,0.14%,0.11%,0.07%,0.05%,0.02%,0.05%,,,,,,0.13%,0.13%,,,,,,,,,,,,,,,,,,,,,,,,,,,,,,,,,,,,,,,,,,,,,,,,,,,,,,,,,,,,,,,,,,
075,150-416,3HAEUMMR9TL494534,17%,3,PENINSULAR,0.72%,1.02%,0.08%,0.13%,0.11%,0.08%,0.02%,,0.04%,0.13%,0.19%,0.15%,,0.19%,,,0.06%,0.11%,,0.02%,,,,,,,,,,,,,,,,,,,#REF!,,0.02%,,,,,,,,,,,,,,,,,,,,,,,,,,,,,,,,,,,,,,,,,0.08%,0.06%,0.06%,0.06%,0.04%,,,0.14%,0.11%,0.07%,0.05%,0.02%,0.05%,,,,,,0.13%,0.13%,,,,,,,,,,,,,,,,,,,,,,,,,,,,,,,,,,,,,,,,,,,,,,,,,,,,,,,,,,,,,,,,,,
076,150-417,3HAEUMMR9TL494579,14%,4,PENINSULAR,0.72%,1.02%,0.08%,0.13%,0.11%,0.08%,0.02%,,0.04%,0.13%,0.19%,0.15%,,,,,0.06%,0.11%,,0.02%,,,,,,,,,,,,,,,,,,,#REF!,,0.02%,,,,,,,,,,,,,,,,,,,,,,,,,,,,,,,,,,,,,,,,,,0.06%,0.06%,0.06%,0.04%,,,0.14%,0.11%,0.07%,,,,,,,,,0.13%,0.13%,,,,,,,,,,,,,,,,,,,,,,,,,,,,,,,,,,,,,,,,,,,,,,,,,,,,,,,,,,,,,,,,,,
077,150-418,3HAEUMMRXTL493408,15%,5,PENINSULAR,0.72%,1.02%,0.08%,0.13%,0.11%,0.08%,0.02%,,0.04%,0.13%,0.19%,0.15%,,0.19%,,,0.06%,0.11%,,0.02%,,,,,,,,,,,,,,,,,,,#REF!,,0.02%,,,,,,,,,,,,,,,,,,,,,,,,,,,,,,,,,,,,,,,,,,0.06%,0.06%,0.06%,0.04%,,,0.14%,0.11%,0.07%,,,,,,,,,0.13%,0.13%,,,,,,,,,,,,,,,,,,,,,,,,,,,,,,,,,,,,,,,,,,,,,,,,,,,,,,,,,,,,,,,,,,
078,150-419,3HAEUMMRXTL493411,14%,6,PENINSULAR,0.72%,1.02%,0.08%,0.13%,0.11%,0.08%,0.02%,,0.04%,0.13%,0.19%,0.15%,,,,,0.06%,0.11%,,0.02%,,,,,,,,,,,,,,,,,,,#REF!,,0.02%,,,,,,,,,,,,,,,,,,,,,,,,,,,,,,,,,,,,,,,,,,0.06%,0.06%,0.06%,0.04%,,,0.14%,0.11%,0.07%,,,,,,,,,0.13%,0.13%,,,,,,,,,,,,,,,,,,,,,,,,,,,,,,,,,,,,,,,,,,,,,,,,,,,,,,,,,,,,,,,,,,
079,150-420,3HAEUMMRXTL493716,14%,1,GOLFO CENTRO,0.72%,1.02%,0.08%,0.13%,0.11%,0.08%,0.02%,,0.04%,0.13%,0.19%,0.15%,,,,,0.06%,0.11%,,0.02%,,,,,,,,,,,,,,,,,,,#REF!,,0.02%,,,,,,,,,,,,,,,,,,,,,,,,,,,,,,,,,,,,,,,,,,0.06%,0.06%,0.06%,0.04%,,,0.14%,0.11%,0.07%,,,,,,,,,0.13%,0.13%,,,,,,,,,,,,,,,,,,,,,,,,,,,,,,,,,,,,,,,,,,,,,,,,,,,,,,,,,,,,,,,,,,
080,150-421,3HAEUMMRXTL493991,15%,2,GOLFO CENTRO,0.72%,1.02%,0.08%,0.13%,0.11%,0.08%,0.02%,,0.04%,0.13%,0.19%,0.15%,,0.19%,,,0.06%,0.11%,,0.02%,,,,,,,,,,,,,,,,,,,#REF!,,0.02%,,,,,,,,,,,,,,,,,,,,,,,,,,,,,,,,,,,,,,,,,,0.06%,0.06%,0.06%,0.04%,,,0.14%,0.11%,0.07%,,,,,,,,,0.13%,0.13%,,,,,,,,,,,,,,,,,,,,,,,,,,,,,,,,,,,,,,,,,,,,,,,,,,,,,,,,,,,,,,,,,,
081,150-422,3HAEUMMR0TL490923,12%,3,GOLFO CENTRO,0.72%,1.02%,0.08%,0.13%,0.11%,0.08%,0.02%,,0.04%,0.13%,0.19%,,,,,,,,,0.02%,,,,,,,,,,,,,,,,,,,#REF!,,0.02%,,,,,,,,,,,,,,,,,,,,,,,,,,,,,,,,,,,,,,,,,,0.06%,0.06%,0.06%,0.04%,,,,0.11%,0.07%,,,,,,,,,0.13%,0.13%,,,,,,,,,,,,,,,,,,,,,,,,,,,,,,,,,,,,,,,,,,,,,,,,,,,,,,,,,,,,,,,,,,
082,150-423,3HAEUMMR0TL492283,14%,4,GOLFO CENTRO,0.72%,1.02%,0.08%,0.13%,0.11%,0.08%,0.02%,,0.04%,0.13%,0.19%,0.15%,,,,,0.06%,0.11%,,0.02%,,,,,,,,,,,,,,,,,,,#REF!,,0.02%,,,,,,,,,,,,,,,,,,,,,,,,,,,,,,,,,,,,,,,,,,0.06%,0.06%,0.06%,0.04%,,,,0.11%,0.07%,,,,,,,,,0.13%,0.13%,,,,,,,,,,,,,,,,,,,,,,,,,,,,,,,,,,,,,,,,,,,,,,,,,,,,,,,,,,,,,,,,,,
083,150-424,3HAEUMMR1TL491028,12%,5,GOLFO CENTRO,0.72%,1.02%,0.08%,0.13%,0.11%,0.08%,0.02%,,0.04%,0.13%,0.19%,,,,,,,,,0.02%,,,,,,,,,,,,,,,,,,,#REF!,,0.02%,,,,,,,,,,,,,,,,,,,,,,,,,,,,,,,,,,,,,,,,,,0.06%,0.06%,0.06%,0.04%,,,,0.11%,0.07%,,,,,,,,,0.13%,0.13%,,,,,,,,,,,,,,,,,,,,,,,,,,,,,,,,,,,,,,,,,,,,,,,,,,,,,,,,,,,,,,,,,,
084,150-425,3HAEUMMR1TL491434,13%,6,GOLFO CENTRO,0.72%,1.02%,0.08%,0.13%,0.11%,0.08%,0.02%,,0.04%,0.13%,0.19%,,,0.19%,,,,,,0.02%,,,,,,,,,,,,,,,,,,,#REF!,,0.02%,,,,,,,,,,,,,,,,,,,,,,,,,,,,,,,,,,,,,,,,,,0.06%,0.06%,0.06%,0.04%,,,,0.11%,0.07%,,,,,,,,,0.13%,0.13%,,,,,,,,,,,,,,,,,,,,,,,,,,,,,,,,,,,,,,,,,,,,,,,,,,,,,,,,,,,,,,,,,,
085,150-426,3HAEUMMR2TL490924,13%,1,BAJIO,0.72%,1.02%,0.08%,0.13%,0.11%,0.08%,0.02%,,0.04%,0.13%,0.19%,,,0.19%,,,,,,0.02%,,,,,,,,,,,,,,,,,,,#REF!,,0.02%,,,,,,,,,,,,,,,,,,,,,,,,,,,,,,,,,,,,,,,,,,0.06%,0.06%,0.06%,0.04%,,,,0.11%,0.07%,,,,,,,,,0.13%,0.13%,,,,,,,,,,,,,,,,,,,,,,,,,,,,,,,,,,,,,,,,,,,,,,,,,,,,,,,,,,,,,,,,,,
086,150-427,3HAEUMMR2TL491037,12%,2,BAJIO,0.72%,1.02%,0.08%,0.13%,0.11%,0.08%,0.02%,,0.04%,0.13%,0.19%,,,,,,,,,0.02%,,,,,,,,,,,,,,,,,,,#REF!,,0.02%,,,,,,,,,,,,,,,,,,,,,,,,,,,,,,,,,,,,,,,,,,0.06%,0.06%,0.06%,0.04%,,,,0.11%,0.07%,,,,,,,,,0.13%,0.13%,,,,,,,,,,,,,,,,,,,,,,,,,,,,,,,,,,,,,,,,,,,,,,,,,,,,,,,,,,,,,,,,,,
087,150-428,3HAEUMMR2TL491815,12%,1,CENTRO OCCIDENTE,0.72%,1.02%,0.08%,0.13%,0.11%,0.08%,0.02%,,0.04%,0.13%,0.19%,,,,,,,,,0.02%,,,,,,,,,,,,,,,,,,,#REF!,,0.02%,,,,,,,,,,,,,,,,,,,,,,,,,,,,,,,,,,,,,,,,,,0.06%,0.06%,0.06%,0.04%,,,,0.11%,0.07%,,,,,,,,,0.13%,0.13%,,,,,,,,,,,,,,,,,,,,,,,,,,,,,,,,,,,,,,,,,,,,,,,,,,,,,,,,,,,,,,,,,,
088,150-429,3HAEUMMR3TL491015,12%,2,CENTRO OCCIDENTE,0.72%,1.02%,0.08%,0.13%,0.11%,0.08%,0.02%,,0.04%,0.13%,0.19%,,,,,,,,,0.02%,,,,,,,,,,,,,,,,,,,#REF!,,0.02%,,,,,,,,,,,,,,,,,,,,,,,,,,,,,,,,,,,,,,,,,,0.06%,0.06%,0.06%,0.04%,,,,0.11%,0.07%,,,,,,,,,0.13%,0.13%,,,,,,,,,,,,,,,,,,,,,,,,,,,,,,,,,,,,,,,,,,,,,,,,,,,,,,,,,,,,,,,,,,
089,150-430,3HAEUMMR4TL490827,12%,3,CENTRO OCCIDENTE,0.72%,1.02%,0.08%,0.13%,0.11%,0.08%,0.02%,,0.04%,0.13%,0.19%,,,,,,,,,0.02%,,,,,,,,,,,,,,,,,,,#REF!,,0.02%,,,,,,,,,,,,,,,,,,,,,,,,,,,,,,,,,,,,,,,,,,0.06%,0.06%,0.06%,0.04%,,,,0.11%,0.07%,,,,,,,,,0.13%,0.13%,,,,,,,,,,,,,,,,,,,,,,,,,,,,,,,,,,,,,,,,,,,,,,,,,,,,,,,,,,,,,,,,,,
090,150-431,3HAEUMMR4TL492500,13%,4,CENTRO OCCIDENTE,0.72%,1.02%,0.08%,0.13%,0.11%,0.08%,0.02%,,0.04%,0.13%,0.19%,,,0.19%,,,,,,0.02%,,,,,,,,,,,,,,,,,,,#REF!,,0.02%,,,,,,,,,,,,,,,,,,,,,,,,,,,,,,,,,,,,,,,,,,0.06%,0.06%,0.06%,0.04%,,,,0.11%,0.07%,,,,,,,,,0.13%,0.13%,,,,,,,,,,,,,,,,,,,,,,,,,,,,,,,,,,,,,,,,,,,,,,,,,,,,,,,,,,,,,,,,,,
091,150-432,3HAEUMMR5TL491016,13%,5,CENTRO OCCIDENTE,0.72%,1.02%,0.08%,0.13%,0.11%,0.08%,0.02%,,0.04%,0.13%,0.19%,,,0.19%,,,,,,0.02%,,,,,,,,,,,,,,,,,,,#REF!,,0.02%,,,,,,,,,,,,,,,,,,,,,,,,,,,,,,,,,,,,,,,,,,0.06%,0.06%,0.06%,0.04%,,,,0.11%,0.07%,,,,,,,,,0.13%,0.13%,,,,,,,,,,,,,,,,,,,,,,,,,,,,,,,,,,,,,,,,,,,,,,,,,,,,,,,,,,,,,,,,,,
092,150-433,3HAEUMMR6TL490828,13%,6,CENTRO OCCIDENTE,0.72%,1.02%,0.08%,0.13%,0.11%,0.08%,0.02%,,0.04%,0.13%,0.19%,,,0.19%,,,,,,0.02%,,,,,,,,,,,,,,,,,,,#REF!,,0.02%,,,,,,,,,,,,,,,,,,,,,,,,,,,,,,,,,,,,,,,,,,0.06%,0.06%,0.06%,0.04%,,,,0.11%,0.07%,,,,,,,,,0.13%,0.13%,,,,,,,,,,,,,,,,,,,,,,,,,,,,,,,,,,,,,,,,,,,,,,,,,,,,,,,,,,,,,,,,,,
093,150-434,3HAEUMMR7TL491020,13%,7,CENTRO OCCIDENTE,0.72%,1.02%,0.08%,0.13%,0.11%,0.08%,0.02%,,0.04%,0.13%,0.19%,,,0.19%,,,,,,0.02%,,,,,,,,,,,,,,,,,,,#REF!,,0.02%,,,,,,,,,,,,,,,,,,,,,,,,,,,,,,,,,,,,,,,,,,0.06%,0.06%,0.06%,0.04%,,,,0.11%,0.07%,,,,,,,,,0.13%,0.13%,,,,,,,,,,,,,,,,,,,,,,,,,,,,,,,,,,,,,,,,,,,,,,,,,,,,,,,,,,,,,,,,,,
094,150-435,3HAEUMMR7TL492152,13%,8,CENTRO OCCIDENTE,0.72%,1.02%,0.08%,0.13%,0.11%,0.08%,0.02%,,0.04%,0.13%,0.19%,,,0.19%,,,,,,0.02%,,,,,,,,,,,,,,,,,,,#REF!,,0.02%,,,,,,,,,,,,,,,,,,,,,,,,,,,,,,,,,,,,,,,,,,0.06%,0.06%,0.06%,0.04%,,,,0.11%,0.07%,,,,,,,,,0.13%,0.13%,,,,,,,,,,,,,,,,,,,,,,,,,,,,,,,,,,,,,,,,,,,,,,,,,,,,,,,,,,,,,,,,,,
095,150-436,3HAEUMMR8TL491687,5%,9,CENTRO OCCIDENTE,,,,,,,,,,,,,,,,,,,,,,,,,,,,,,,,,,,,,,,#REF!,,0.02%,,,,,,,,,,,,,,,,,,,,,,,,,,,,,,,,,,,,,,,,,,0.06%,0.06%,0.06%,0.04%,,,,0.11%,0.07%,,,,,,,,,0.13%,0.13%,,,,,,,,,,,,,,,,,,,,,,,,,,,,,,,,,,,,,,,,,,,,,,,,,,,,,,,,,,,,,,,,,,
096,150-437,3HAEUMMR9TL491021,13%,1,CENTRO ORIENTE,0.72%,1.02%,0.08%,0.13%,0.11%,0.08%,0.02%,,0.04%,0.13%,0.19%,,,0.19%,,,,,,0.02%,,,,,,,,,,,,,,,,,,,#REF!,,0.02%,,,,,,,,,,,,,,,,,,,,,,,,,,,,,,,,,,,,,,,,,,0.06%,0.06%,0.06%,0.04%,,,,0.11%,0.07%,,,,,,,,,0.13%,0.13%,,,,,,,,,,,,,,,,,,,,,,,,,,,,,,,,,,,,,,,,,,,,,,,,,,,,,,,,,,,,,,,,,,
097,150-438,3HAEUMMR9TL492153,13%,2,CENTRO ORIENTE,0.72%,1.02%,0.08%,0.13%,0.11%,0.08%,0.02%,,0.04%,0.13%,0.19%,,,0.19%,,,,,,0.02%,,,,,,,,,,,,,,,,,,,#REF!,,0.02%,,,,,,,,,,,,,,,,,,,,,,,,,,,,,,,,,,,,,,,,,,0.06%,0.06%,0.06%,0.04%,,,,0.11%,0.07%,,,,,,,,,0.13%,0.13%,,,,,,,,,,,,,,,,,,,,,,,,,,,,,,,,,,,,,,,,,,,,,,,,,,,,,,,,,,,,,,,,,,
098,150-439,3HAEUMMR9TL492217,11%,3,CENTRO ORIENTE,0.72%,1.02%,0.08%,0.13%,0.11%,0.08%,0.02%,,,0.13%,0.19%,,,,,,,,,,,,,,,,,,,,,,,,,,,,#REF!,,0.02%,,,,,,,,,,,,,,,,,,,,,,,,,,,,,,,,,,,,,,,,,,0.06%,0.06%,0.06%,0.04%,,,,0.11%,0.07%,,,,,,,,,0.13%,0.13%,,,,,,,,,,,,,,,,,,,,,,,,,,,,,,,,,,,,,,,,,,,,,,,,,,,,,,,,,,,,,,,,,,
099,150-440,3HAEUMMR9TL492282,11%,4,CENTRO ORIENTE,0.72%,1.02%,0.08%,0.13%,0.11%,0.08%,0.02%,,,0.13%,0.19%,,,,,,,,,,,,,,,,,,,,,,,,,,,,#REF!,,0.02%,,,,,,,,,,,,,,,,,,,,,,,,,,,,,,,,,,,,,,,,,,0.06%,0.06%,0.06%,0.04%,,,,0.11%,0.07%,,,,,,,,,0.13%,0.13%,,,,,,,,,,,,,,,,,,,,,,,,,,,,,,,,,,,,,,,,,,,,,,,,,,,,,,,,,,,,,,,,,,
100,150-441,3HAEUMMRXTL491433,11%,5,CENTRO ORIENTE,0.72%,1.02%,0.08%,0.13%,0.11%,0.08%,0.02%,,,0.13%,0.19%,,,,,,,,,,,,,,,,,,,,,,,,,,,,#REF!,,0.02%,,,,,,,,,,,,,,,,,,,,,,,,,,,,,,,,,,,,,,,,,,0.06%,0.06%,0.06%,0.04%,,,,0.11%,0.07%,,,,,,,,,0.13%,0.13%,,,,,,,,,,,,,,,,,,,,,,,,,,,,,,,,,,,,,,,,,,,,,,,,,,,,,,,,,,,,,,,,,,
101,150-442,3HAEUMMR2TL495363,9%,6,CENTRO ORIENTE,0.72%,1.02%,0.08%,0.13%,0.11%,0.08%,,,,,,,,,,,,,,,,,,,,,,,,,,,,,,,,,#REF!,,0.02%,,,,,,,,,,,,,,,,,,,,,,,,,,,,,,,,,,,,,,,,,,0.06%,0.06%,0.06%,0.04%,,,,0.11%,0.07%,,,,,,,,,0.13%,0.13%,,,,,,,,,,,,,,,,,,,,,,,,,,,,,,,,,,,,,,,,,,,,,,,,,,,,,,,,,,,,,,,,,,
102,150-443,3HAEUMMR0TL495734,10%,7,CENTRO ORIENTE,0.72%,1.02%,0.08%,,,,0.02%,,0.04%,0.13%,0.19%,,,,,,,,,0.02%,,,,,,,,,,,,,,,,,,,#REF!,,0.02%,,,,,,,,,,,,,,,,,,,,,,,,,,,,,,,,,,,,,,,,,,0.06%,0.06%,0.06%,0.04%,,,,0.11%,0.07%,,,,,,,,,0.13%,0.13%,,,,,,,,,,,,,,,,,,,,,,,,,,,,,,,,,,,,,,,,,,,,,,,,,,,,,,,,,,,,,,,,,,
103,150-444,3HAEUMMR6TL495432,6%,8,CENTRO ORIENTE,,,,,,,,,0.04%,,,,,,,,,,,,,,,,,,,,,,,,,,,,,,#REF!,,0.02%,,,,,,,,,,,,,,,,,,,,,,,,,,,,,,,,,,,,,,,,,,0.06%,0.06%,0.06%,0.04%,,,,0.11%,0.07%,,,,,,,,,0.13%,0.13%,,,,,,,,,,,,,,,,,,,,,,,,,,,,,,,,,,,,,,,,,,,,,,,,,,,,,,,,,,,,,,,,,,
104,150-445,3HAEUMMR5TL495499,8%,9,CENTRO ORIENTE,,,,,,,0.02%,,0.04%,0.13%,0.19%,,,,,,,,,,,,,,,,,,,,,,,,,,,,#REF!,,0.02%,,,,,,,,,,,,,,,,,,,,,,,,,,,,,,,,,,,,,,,,,,0.06%,0.06%,0.06%,0.04%,,,,0.11%,0.07%,,,,,,,,,0.13%,0.13%,,,,,,,,,,,,,,,,,,,,,,,,,,,,,,,,,,,,,,,,,,,,,,,,,,,,,,,,,,,,,,,,,,
105,150-446,3HAEUMMR2TL495198,5%,10,CENTRO ORIENTE,,,,,,,,,,,,,,,,,,,,,,,,,,,,,,,,,,,,,,,#REF!,,0.02%,,,,,,,,,,,,,,,,,,,,,,,,,,,,,,,,,,,,,,,,,,0.06%,0.06%,0.06%,0.04%,,,,0.11%,0.07%,,,,,,,,,0.13%,0.13%,,,,,,,,,,,,,,,,,,,,,,,,,,,,,,,,,,,,,,,,,,,,,,,,,,,,,,,,,,,,,,,,,,
106,150-447,3HAEUMMR4TL505200,6%,11,CENTRO ORIENTE,,,,,,,0.02%,,0.04%,,0.19%,,,,,,,,,,,,,,,,,,,,,,,,,,,,#REF!,,0.02%,,,,,,,,,,,,,,,,,,,,,,,,,,,,,,,,,,,,,,,,,,0.06%,0.06%,0.06%,0.04%,,,,0.11%,0.07%,,,,,,,,,,,,,,,,,,,,,,,,,,,,,,,,,,,,,,,,,,,,,,,,,,,,,,,,,,,,,,,,,,,,,,,,,,,,
107,150-448,3HAEUMMRXTL505251,7%,12,CENTRO ORIENTE,,,,,,,0.02%,,0.04%,0.13%,0.19%,,,,,,,,,,,,,,,,,,,,,,,,,,,,#REF!,,0.02%,,,,,,,,,,,,,,,,,,,,,,,,,,,,,,,,,,,,,,,,,,0.06%,0.06%,0.06%,0.04%,,,,0.11%,0.07%,,,,,,,,,,,,,,,,,,,,,,,,,,,,,,,,,,,,,,,,,,,,,,,,,,,,,,,,,,,,,,,,,,,,,,,,,,,,
108,150-449,3HAEUMMR9TL504768,7%,13,CENTRO ORIENTE,,,,,,,0.02%,,0.04%,0.13%,0.19%,,,,,,,,,,,,,,,,,,,,,,,,,,,,#REF!,,0.02%,,,,,,,,,,,,,,,,,,,,,,,,,,,,,,,,,,,,,,,,,,0.06%,0.06%,0.06%,0.04%,,,,0.11%,0.07%,,,,,,,,,,,,,,,,,,,,,,,,,,,,,,,,,,,,,,,,,,,,,,,,,,,,,,,,,,,,,,,,,,,,,,,,,,,,
109,150-450,3HAEUMMR9TL503474,7%,14,CENTRO ORIENTE,,,,,,,0.02%,,0.04%,0.13%,0.19%,,,,,,,,,,,,,,,,,,,,,,,,,,,,#REF!,,0.02%,,,,,,,,,,,,,,,,,,,,,,,,,,,,,,,,,,,,,,,,,,0.06%,0.06%,0.06%,0.04%,,,,0.11%,0.07%,,,,,,,,,,,,,,,,,,,,,,,,,,,,,,,,,,,,,,,,,,,,,,,,,,,,,,,,,,,,,,,,,,,,,,,,,,,,
110,150-451,3HAEUMMR8TL505250,7%,15,CENTRO ORIENTE,,,,,,,0.02%,,0.04%,,0.19%,,,,,,,,,0.02%,,,,,,,,,,,,,,,,,,,#REF!,,0.02%,,,,,,,,,,,,,,,,,,,,,,,,,,,,,,,,,,,,,,,,,,0.06%,0.06%,0.06%,0.04%,,,,0.11%,0.07%,,,,,,,,,,,,,,,,,,,,,,,,,,,,,,,,,,,,,,,,,,,,,,,,,,,,,,,,,,,,,,,,,,,,,,,,,,,,
111,150-452,3HAEUMMR8TL504776,7%,16,CENTRO ORIENTE,,,,,,,0.02%,,0.04%,0.13%,0.19%,,,,,,,,,0.02%,,,,,,,,,,,,,,,,,,,#REF!,,0.02%,,,,,,,,,,,,,,,,,,,,,,,,,,,,,,,,,,,,,,,,,,0.06%,0.06%,0.06%,0.04%,,,,0.11%,0.07%,,,,,,,,,,,,,,,,,,,,,,,,,,,,,,,,,,,,,,,,,,,,,,,,,,,,,,,,,,,,,,,,,,,,,,,,,,,,
112,150-453,3HAEUMMR8TL503479,8%,17,CENTRO ORIENTE,,,,,,,0.02%,,0.04%,0.13%,0.19%,,,0.19%,,,,,,0.02%,,,,,,,,,,,,,,,,,,,#REF!,,0.02%,,,,,,,,,,,,,,,,,,,,,,,,,,,,,,,,,,,,,,,,,,0.06%,0.06%,0.06%,0.04%,,,,0.11%,0.07%,,,,,,,,,,,,,,,,,,,,,,,,,,,,,,,,,,,,,,,,,,,,,,,,,,,,,,,,,,,,,,,,,,,,,,,,,,,,
113,150-454,3HAEUMMR4TL505259,7%,18,CENTRO ORIENTE,,,,,,,0.02%,,0.04%,,0.19%,,,,,,,,,0.02%,,,,,,,,,,,,,,,,,,,#REF!,,0.02%,,,,,,,,,,,,,,,,,,,,,,,,,,,,,,,,,,,,,,,,,,0.06%,0.06%,0.06%,0.04%,,,,0.11%,0.07%,,,,,,,,,,,,,,,,,,,,,,,,,,,,,,,,,,,,,,,,,,,,,,,,,,,,,,,,,,,,,,,,,,,,,,,,,,,,
114,150-455,3HAEUMMR4TL503480,7%,19,CENTRO ORIENTE,,,,,,,0.02%,,0.04%,0.13%,0.19%,,,,,,,,,0.02%,,,,,,,,,,,,,,,,,,,#REF!,,0.02%,,,,,,,,,,,,,,,,,,,,,,,,,,,,,,,,,,,,,,,,,,0.06%,0.06%,0.06%,0.04%,,,,0.11%,0.07%,,,,,,,,,,,,,,,,,,,,,,,,,,,,,,,,,,,,,,,,,,,,,,,,,,,,,,,,,,,,,,,,,,,,,,,,,,,,
115,150-456,3HAEUMMR1TL505199,6%,20,CENTRO ORIENTE,,,,,,,0.02%,,,,0.19%,,,0.19%,,,,,,,,,,,,,,,,,,,,,,,,,#REF!,,0.02%,,,,,,,,,,,,,,,,,,,,,,,,,,,,,,,,,,,,,,,,,,0.06%,0.06%,0.06%,0.04%,,,,0.11%,0.07%,,,,,,,,,,,,,,,,,,,,,,,,,,,,,,,,,,,,,,,,,,,,,,,,,,,,,,,,,,,,,,,,,,,,,,,,,,,,
116,150-457,3HAEUMMR0TL505288,5%,21,CENTRO ORIENTE,,,,,,,0.02%,,,,0.19%,,,,,,,,,,,,,,,,,,,,,,,,,,,,#REF!,,0.02%,,,,,,,,,,,,,,,,,,,,,,,,,,,,,,,,,,,,,,,,,,0.06%,0.06%,0.06%,0.04%,,,,0.11%,0.07%,,,,,,,,,,,,,,,,,,,,,,,,,,,,,,,,,,,,,,,,,,,,,,,,,,,,,,,,,,,,,,,,,,,,,,,,,,,,
117,150-458,3HAEUMMR0TL503475,6%,1,CENTRO SUR,,,,,,,0.02%,,,0.13%,0.19%,,,,,,,,,,,,,,,,,,,,,,,,,,,,#REF!,,0.02%,,,,,,,,,,,,,,,,,,,,,,,,,,,,,,,,,,,,,,,,,,0.06%,0.06%,0.06%,0.04%,,,,0.11%,0.07%,,,,,,,,,,,,,,,,,,,,,,,,,,,,,,,,,,,,,,,,,,,,,,,,,,,,,,,,,,,,,,,,,,,,,,,,,,,,
118,150-459,3HAEUMMRXTL504777,7%,2,CENTRO SUR,,,,,,,0.02%,,0.04%,,0.19%,,,,,,,,,0.02%,,,,,,,,,,,,,,,,,,,#REF!,,0.02%,,,,,,,,,,,,,,,,,,,,,,,,,,,,,,,,,,,,,,,,,,0.06%,0.06%,0.06%,0.04%,,,,0.11%,0.07%,,,,,,,,,,,,,,,,,,,,,,,,,,,,,,,,,,,,,,,,,,,,,,,,,,,,,,,,,,,,,,,,,,,,,,,,,,,,
119,150-460,3HAEUMMR0TL505260,6%,3,CENTRO SUR,,,,,,,0.02%,,,0.13%,0.19%,,,,,,,,,,,,,,,,,,,,,,,,,,,,#REF!,,0.02%,,,,,,,,,,,,,,,,,,,,,,,,,,,,,,,,,,,,,,,,,,0.06%,0.06%,0.06%,0.04%,,,,0.11%,0.07%,,,,,,,,,,,,,,,,,,,,,,,,,,,,,,,,,,,,,,,,,,,,,,,,,,,,,,,,,,,,,,,,,,,,,,,,,,,,
120,150-461,3HAEUMMR0TL504769,7%,4,CENTRO SUR,,,,,,,0.02%,,0.04%,0.13%,0.19%,,,,,,,,,,,,,,,,,,,,,,,,,,,,#REF!,,0.02%,,,,,,,,,,,,,,,,,,,,,,,,,,,,,,,,,,,,,,,,,,0.06%,0.06%,0.06%,0.04%,,,,0.11%,0.07%,,,,,,,,,,,,,,,,,,,,,,,,,,,,,,,,,,,,,,,,,,,,,,,,,,,,,,,,,,,,,,,,,,,,,,,,,,,,
121,150-462,3HAEUMMR7TL502338,7%,5,CENTRO SUR,,,,,,,0.02%,,0.04%,0.13%,0.19%,,,,,,,,,,,,,,,,,,,,,,,,,,,,#REF!,,0.02%,,,,,,,,,,,,,,,,,,,,,,,,,,,,,,,,,,,,,,,,,,0.06%,0.06%,0.06%,0.04%,,,,0.11%,0.07%,,,,,,,,,,,,,,,,,,,,,,,,,,,,,,,,,,,,,,,,,,,,,,,,,,,,,,,,,,,,,,,,,,,,,,,,,,,,
122,150-463,3HAEUMMR3TL502627,7%,6,CENTRO SUR,,,,,,,0.02%,,0.04%,0.13%,0.19%,,,,,,,,,,,,,,,,,,,,,,,,,,,,#REF!,,0.02%,,,,,,,,,,,,,,,,,,,,,,,,,,,,,,,,,,,,,,,,,,0.06%,0.06%,0.06%,0.04%,,,,0.11%,0.07%,,,,,,,,,,,,,,,,,,,,,,,,,,,,,,,,,,,,,,,,,,,,,,,,,,,,,,,,,,,,,,,,,,,,,,,,,,,,
123,150-464,3HAEUMMR5TL495759,6%,7,CENTRO SUR,,,,,,,0.02%,,0.04%,,0.19%,,,,,,,,,,,,,,,,,,,,,,,,,,,,#REF!,,0.02%,,,,,,,,,,,,,,,,,,,,,,,,,,,,,,,,,,,,,,,,,,0.06%,0.06%,0.06%,0.04%,,,,0.11%,0.07%,,,,,,,,,,,,,,,,,,,,,,,,,,,,,,,,,,,,,,,,,,,,,,,,,,,,,,,,,,,,,,,,,,,,,,,,,,,,
124,150-465,3HAEUMMR3TL495758,6%,8,CENTRO SUR,,,,,,,0.02%,,0.04%,,0.19%,,,,,,,,,,,,,,,,,,,,,,,,,,,,#REF!,,0.02%,,,,,,,,,,,,,,,,,,,,,,,,,,,,,,,,,,,,,,,,,,0.06%,0.06%,0.06%,0.04%,,,,0.11%,0.07%,,,,,,,,,,,,,,,,,,,,,,,,,,,,,,,,,,,,,,,,,,,,,,,,,,,,,,,,,,,,,,,,,,,,,,,,,,,,
125,150-466,3HAEUMMR2TL495735,4%,9,CENTRO SUR,,,,,,,,,,,,,,,,,,,,,,,,,,,,,,,,,,,,,,,#REF!,,0.02%,,,,,,,,,,,,,,,,,,,,,,,,,,,,,,,,,,,,,,,,,,0.06%,0.06%,0.06%,0.04%,,,,0.11%,0.07%,,,,,,,,,,,,,,,,,,,,,,,,,,,,,,,,,,,,,,,,,,,,,,,,,,,,,,,,,,,,,,,,,,,,,,,,,,,,
126,150-467,3HAEUMMR0TL495801,4%,1,ORIENTE,,,,,,,,,,,,,,,,,,,,,,,,,,,,,,,,,,,,,,,#REF!,,0.02%,,,,,,,,,,,,,,,,,,,,,,,,,,,,,,,,,,,,,,,,,,0.06%,0.06%,0.06%,0.04%,,,,0.11%,0.07%,,,,,,,,,,,,,,,,,,,,,,,,,,,,,,,,,,,,,,,,,,,,,,,,,,,,,,,,,,,,,,,,,,,,,,,,,,,,
127,150-468,3HAEUMMR5TL501396,7%,2,ORIENTE,,,,,,,0.02%,,0.04%,0.13%,0.19%,,,,,,,,,,,,,,,,,,,,,,,,,,,,#REF!,,0.02%,,,,,,,,,,,,,,,,,,,,,,,,,,,,,,,,,,,,,,,,,,0.06%,0.06%,0.06%,0.04%,,,,0.11%,0.07%,,,,,,,,,,,,,,,,,,,,,,,,,,,,,,,,,,,,,,,,,,,,,,,,,,,,,,,,,,,,,,,,,,,,,,,,,,,,
128,150-469,3HAEUMMR4TL488656,4%,3,ORIENTE,,,,,,,,,,,,,,,,,,,,,,,,,,,,,,,,,,,,,,,#REF!,,0.02%,,,,,,,,,,,,,,,,,,,,,,,,,,,,,,,,,,,,,,,,,,0.06%,0.06%,0.06%,0.04%,,,,0.11%,0.07%,,,,,,,,,,,,,,,,,,,,,,,,,,,,,,,,,,,,,,,,,,,,,,,,,,,,,,,,,,,,,,,,,,,,,,,,,,,,
129,150-470,3HAEUMMRXTL488788,4%,4,ORIENTE,,,,,,,,,,,,,,,,,,,,,,,,,,,,,,,,,,,,,,,#REF!,,0.02%,,,,,,,,,,,,,,,,,,,,,,,,,,,,,,,,,,,,,,,,,,0.06%,0.06%,0.06%,0.04%,,,,0.11%,0.07%,,,,,,,,,,,,,,,,,,,,,,,,,,,,,,,,,,,,,,,,,,,,,,,,,,,,,,,,,,,,,,,,,,,,,,,,,,,,
130,150-471,3HAEUMMR8TL488787,7%,5,ORIENTE,,,,,,,0.02%,,0.04%,0.13%,0.19%,,,,,,,,,,,,,,,,,,,,,,,,,,,,#REF!,,0.02%,,,,,,,,,,,,,,,,,,,,,,,,,,,,,,,,,,,,,,,,,,0.06%,0.06%,0.06%,0.04%,,,,0.11%,0.07%,,,,,,,,,,,,,,,,,,,,,,,,,,,,,,,,,,,,,,,,,,,,,,,,,,,,,,,,,,,,,,,,,,,,,,,,,,,,
131,150-472,3HAEUMMRXTL489357,7%,6,ORIENTE,,,,,,,0.02%,,0.04%,0.13%,0.19%,,,,,,,,,,,,,,,,,,,,,,,,,,,,#REF!,,0.02%,,,,,,,,,,,,,,,,,,,,,,,,,,,,,,,,,,,,,,,,,,0.06%,0.06%,0.06%,0.04%,,,,0.11%,0.07%,,,,,,,,,,,,,,,,,,,,,,,,,,,,,,,,,,,,,,,,,,,,,,,,,,,,,,,,,,,,,,,,,,,,,,,,,,,,
132,150-473,3HAEUMMR8TL489356,5%,1,DVMS,,,,,,,0.02%,,,,0.19%,,,,,,,,,,,,,,,,,,,,,,,,,,,,#REF!,,0.02%,,,,,,,,,,,,,,,,,,,,,,,,,,,,,,,,,,,,,,,,,,0.06%,0.06%,0.06%,0.04%,,,,0.11%,0.07%,,,,,,,,,,,,,,,,,,,,,,,,,,,,,,,,,,,,,,,,,,,,,,,,,,,,,,,,,,,,,,,,,,,,,,,,,,,,
133,150-474,3HAEUMMR6TL489145,4%,2,DVMS,,,,,,,,,,,,,,,,,,,,,,,,,,,,,,,,,,,,,,,#REF!,,0.02%,,,,,,,,,,,,,,,,,,,,,,,,,,,,,,,,,,,,,,,,,,0.06%,0.06%,0.06%,0.04%,,,,0.11%,0.07%,,,,,,,,,,,,,,,,,,,,,,,,,,,,,,,,,,,,,,,,,,,,,,,,,,,,,,,,,,,,,,,,,,,,,,,,,,,,
134,150-475,3HAEUMMR6TL489114,6%,3,DVMS,,,,,,,0.02%,,0.04%,,0.19%,,,,,,,,,,,,,,,,,,,,,,,,,,,,#REF!,,0.02%,,,,,,,,,,,,,,,,,,,,,,,,,,,,,,,,,,,,,,,,,,0.06%,0.06%,0.06%,0.04%,,,,0.11%,0.07%,,,,,,,,,,,,,,,,,,,,,,,,,,,,,,,,,,,,,,,,,,,,,,,,,,,,,,,,,,,,,,,,,,,,,,,,,,,,
135,150-476,3HAEUMMR6TL488769,7%,4,DVMS,,,,,,,0.02%,,0.04%,0.13%,0.19%,,,,,,,,,,,,,,,,,,,,,,,,,,,,#REF!,,0.02%,,,,,,,,,,,,,,,,,,,,,,,,,,,,,,,,,,,,,,,,,,0.06%,0.06%,0.06%,0.04%,,,,0.11%,0.07%,,,,,,,,,,,,,,,,,,,,,,,,,,,,,,,,,,,,,,,,,,,,,,,,,,,,,,,,,,,,,,,,,,,,,,,,,,,,
136,150-477,3HAEUMMR4TL489175,5%,5,DVMS,,,,,,,,,0.04%,,,,,,,,,,,,,,,,,,,,,,,,,,,,,,#REF!,,0.02%,,,,,,,,,,,,,,,,,,,,,,,,,,,,,,,,,,,,,,,,,,0.06%,0.06%,0.06%,0.04%,,,,0.11%,0.07%,,,,,,,,,,,,,,,,,,,,,,,,,,,,,,,,,,,,,,,,,,,,,,,,,,,,,,,,,,,,,,,,,,,,,,,,,,,,
137,150-478,3HAEUMMR4TL489113,6%,6,DVMS,,,,,,,0.02%,,0.04%,,0.19%,,,,,,,,,,,,,,,,,,,,,,,,,,,,#REF!,,0.02%,,,,,,,,,,,,,,,,,,,,,,,,,,,,,,,,,,,,,,,,,,0.06%,0.06%,0.06%,0.04%,,,,0.11%,0.07%,,,,,,,,,,,,,,,,,,,,,,,,,,,,,,,,,,,,,,,,,,,,,,,,,,,,,,,,,,,,,,,,,,,,,,,,,,,,
138,150-479,3HAEUMMR0TL488637,6%,7,DVMS,,,,,,,0.02%,,0.04%,,0.19%,,,,,,,,,,,,,,,,,,,,,,,,,,,,#REF!,,0.02%,,,,,,,,,,,,,,,,,,,,,,,,,,,,,,,,,,,,,,,,,,0.06%,0.06%,0.06%,0.04%,,,,0.11%,0.07%,,,,,,,,,,,,,,,,,,,,,,,,,,,,,,,,,,,,,,,,,,,,,,,,,,,,,,,,,,,,,,,,,,,,,,,,,,,,
139,150-480,3HAEUMMR9TL488765,6%,8,DVMS,,,,,,,0.02%,,,0.13%,0.19%,,,,,,,,,,,,,,,,,,,,,,,,,,,,#REF!,,0.02%,,,,,,,,,,,,,,,,,,,,,,,,,,,,,,,,,,,,,,,,,,0.06%,0.06%,0.06%,0.04%,,,,0.11%,0.07%,,,,,,,,,,,,,,,,,,,,,,,,,,,,,,,,,,,,,,,,,,,,,,,,,,,,,,,,,,,,,,,,,,,,,,,,,,,,
140,150-481,3HAEUMMR9TL488636,7%,9,DVMS,,,,,,,0.02%,,0.04%,0.13%,0.19%,,,,,,,,,,,,,,,,,,,,,,,,,,,,#REF!,,0.02%,,,,,,,,,,,,,,,,,,,,,,,,,,,,,,,,,,,,,,,,,,0.06%,0.06%,0.06%,0.04%,,,,0.11%,0.07%,,,,,,,,,,,,,,,,,,,,,,,,,,,,,,,,,,,,,,,,,,,,,,,,,,,,,,,,,,,,,,,,,,,,,,,,,,,,
141,150-482,3HAEUMMR8TL488725,5%,10,DVMS,,,,,,,0.02%,,,,0.19%,,,,,,,,,,,,,,,,,,,,,,,,,,,,#REF!,,0.02%,,,,,,,,,,,,,,,,,,,,,,,,,,,,,,,,,,,,,,,,,,0.06%,0.06%,0.06%,0.04%,,,,0.11%,0.07%,,,,,,,,,,,,,,,,,,,,,,,,,,,,,,,,,,,,,,,,,,,,,,,,,,,,,,,,,,,,,,,,,,,,,,,,,,,,
142,150-483,3HAEUMMR8TL488482,7%,11,DVMS,,,,,,,0.02%,,0.04%,0.13%,0.19%,,,,,,,,,,,,,,,,,,,,,,,,,,,,#REF!,,0.02%,,,,,,,,,,,,,,,,,,,,,,,,,,,,,,,,,,,,,,,,,,0.06%,0.06%,0.06%,0.04%,,,,0.11%,0.07%,,,,,,,,,,,,,,,,,,,,,,,,,,,,,,,,,,,,,,,,,,,,,,,,,,,,,,,,,,,,,,,,,,,,,,,,,,,,
143,150-484,3HAEUMMR7TL488764,7%,12,DVMS,,,,,,,0.02%,,0.04%,0.13%,0.19%,,,,,,,,,,,,,,,,,,,,,,,,,,,,#REF!,,0.02%,,,,,,,,,,,,,,,,,,,,,,,,,,,,,,,,,,,,,,,,,,0.06%,0.06%,0.06%,0.04%,,,,0.11%,0.07%,,,,,,,,,,,,,,,,,,,,,,,,,,,,,,,,,,,,,,,,,,,,,,,,,,,,,,,,,,,,,,,,,,,,,,,,,,,,
144,150-485,3HAEUMMR6TL488724,4%,13,DVMS,,,,,,,,,,,,,,,,,,,,,,,,,,,,,,,,,,,,,,,#REF!,,0.02%,,,,,,,,,,,,,,,,,,,,,,,,,,,,,,,,,,,,,,,,,,0.06%,0.06%,0.06%,0.04%,,,,0.11%,0.07%,,,,,,,,,,,,,,,,,,,,,,,,,,,,,,,,,,,,,,,,,,,,,,,,,,,,,,,,,,,,,,,,,,,,,,,,,,,,
145,150-486,3HAEUMMR3TL488762,4%,14,DVMS,,,,,,,,,,,,,,,,,,,,,,,,,,,,,,,,,,,,,,,#REF!,,0.02%,,,,,,,,,,,,,,,,,,,,,,,,,,,,,,,,,,,,,,,,,,0.06%,0.06%,0.06%,0.04%,,,,0.11%,0.07%,,,,,,,,,,,,,,,,,,,,,,,,,,,,,,,,,,,,,,,,,,,,,,,,,,,,,,,,,,,,,,,,,,,,,,,,,,,,
146,150-487,3HAEUMMR2TL488655,4%,15,DVMS,,,,,,,,,,,,,,,,,,,,,,,,,,,,,,,,,,,,,,,#REF!,,0.02%,,,,,,,,,,,,,,,,,,,,,,,,,,,,,,,,,,,,,,,,,,0.06%,0.06%,0.06%,,,,,0.11%,0.07%,,,,,,,,,,,,,,,,,,,,,,,,,,,,,,,,,,,,,,,,,,,,,,,,,,,,,,,,,,,,,,,,,,,,,,,,,,,,
147,150-488,3HAEUMMR1TL488761,4%,16,DVMS,,,,,,,,,,,,,,,,,,,,,,,,,,,,,,,,,,,,,,,#REF!,,0.02%,,,,,,,,,,,,,,,,,,,,,,,,,,,,,,,,,,,,,,,,,,0.06%,0.06%,0.06%,,,,,0.11%,0.07%,,,,,,,,,,,,,,,,,,,,,,,,,,,,,,,,,,,,,,,,,,,,,,,,,,,,,,,,,,,,,,,,,,,,,,,,,,,,
148,150-489,3HAEUMMR9TL489821,4%,17,DVMS,,,,,,,,,,,,,,,,,,,,,,,,,,,,,,,,,,,,,,,#REF!,,0.02%,,,,,,,,,,,,,,,,,,,,,,,,,,,,,,,,,,,,,,,,,,0.06%,0.06%,0.06%,,,,,0.11%,0.07%,,,,,,,,,,,,,,,,,,,,,,,,,,,,,,,,,,,,,,,,,,,,,,,,,,,,,,,,,,,,,,,,,,,,,,,,,,,,
149,150-490,3HAEUMMR9TL489673,4%,18,DVMS,,,,,,,,,,,,,,,,,,,,,,,,,,,,,,,,,,,,,,,#REF!,,0.02%,,,,,,,,,,,,,,,,,,,,,,,,,,,,,,,,,,,,,,,,,,0.06%,0.06%,0.06%,,,,,0.11%,0.07%,,,,,,,,,,,,,,,,,,,,,,,,,,,,,,,,,,,,,,,,,,,,,,,,,,,,,,,,,,,,,,,,,,,,,,,,,,,,
150,150-491,3HAEUMMR7TL489672,4%,19,DVMS,,,,,,,,,,,,,,,,,,,,,,,,,,,,,,,,,,,,,,,#REF!,,0.02%,,,,,,,,,,,,,,,,,,,,,,,,,,,,,,,,,,,,,,,,,,0.06%,0.06%,0.06%,,,,,0.11%,0.07%,,,,,,,,,,,,,,,,,,,,,,,,,,,,,,,,,,,,,,,,,,,,,,,,,,,,,,,,,,,,,,,,,,,,,,,,,,,,
151,150-492,3HAEUMMR5TL489668,5%,20,DVMS,,,,,,,0.02%,,0.04%,0.13%,0.19%,,,,,,,,,,,,,,,,,,,,,,,,,,,,#REF!,,,,,,,,,,,,,,,,,,,,,,,,,,,,,,,,,,,,,,,,,,,,0.06%,0.06%,0.06%,,,,,0.11%,0.07%,,,,,,,,,,,,,,,,,,,,,,,,,,,,,,,,,,,,,,,,,,,,,,,,,,,,,,,,,,,,,,,,,,,,,,,,,,,,
152,150-493,3HAEUMMR4TL489709,5%,21,DVMS,,,,,,,0.02%,,0.04%,0.13%,0.19%,,,,,,,,,,,,,,,,,,,,,,,,,,,,#REF!,,,,,,,,,,,,,,,,,,,,,,,,,,,,,,,,,,,,,,,,,,,,0.06%,0.06%,0.06%,,,,,0.11%,0.07%,,,,,,,,,,,,,,,,,,,,,,,,,,,,,,,,,,,,,,,,,,,,,,,,,,,,,,,,,,,,,,,,,,,,,,,,,,,,
153,150-494,3HAEUMMR3TL489667,5%,22,DVMS,,,,,,,0.02%,,0.04%,0.13%,0.19%,,,,,,,,,,,,,,,,,,,,,,,,,,,,#REF!,,,,,,,,,,,,,,,,,,,,,,,,,,,,,,,,,,,,,,,,,,,,0.06%,0.06%,0.06%,,,,,0.11%,0.07%,,,,,,,,,,,,,,,,,,,,,,,,,,,,,,,,,,,,,,,,,,,,,,,,,,,,,,,,,,,,,,,,,,,,,,,,,,,,
154,150-495,3HAEUMMR0TL489822,3%,23,DVMS,,,,,,,,,,,,,,,,,,,,,,,,,,,,,,,,,,,,,,,#REF!,,,,,,,,,,,,,,,,,,,,,,,,,,,,,,,,,,,,,,,,,,,,0.06%,0.06%,0.06%,,,,,0.11%,0.07%,,,,,,,,,,,,,,,,,,,,,,,,,,,,,,,,,,,,,,,,,,,,,,,,,,,,,,,,,,,,,,,,,,,,,,,,,,,,
155,150-496,3HAEUMMR0TL489710,3%,24,DVMS,,,,,,,,,,,,,,,,,,,,,,,,,,,,,,,,,,,,,,,#REF!,,,,,,,,,,,,,,,,,,,,,,,,,,,,,,,,,,,,,,,,,,,,0.06%,0.06%,0.06%,,,,,0.11%,0.07%,,,,,,,,,,,,,,,,,,,,,,,,,,,,,,,,,,,,,,,,,,,,,,,,,,,,,,,,,,,,,,,,,,,,,,,,,,,,
156,150-497,3HAEUMMR8TL489664,3%,25,DVMS,,,,,,,,,,,,,,,,,,,,,,,,,,,,,,,,,,,,,,,#REF!,,,,,,,,,,,,,,,,,,,,,,,,,,,,,,,,,,,,,,,,,,,,0.06%,0.06%,0.06%,,,,,0.11%,0.07%,,,,,,,,,,,,,,,,,,,,,,,,,,,,,,,,,,,,,,,,,,,,,,,,,,,,,,,,,,,,,,,,,,,,,,,,,,,,
157,150-498,3HAEUMMR6TL489663,3%,26,DVMS,,,,,,,,,,,,,,,,,,,,,,,,,,,,,,,,,,,,,,,#REF!,,,,,,,,,,,,,,,,,,,,,,,,,,,,,,,,,,,,,,,,,,,,0.06%,0.06%,0.06%,,,,,0.11%,0.07%,,,,,,,,,,,,,,,,,,,,,,,,,,,,,,,,,,,,,,,,,,,,,,,,,,,,,,,,,,,,,,,,,,,,,,,,,,,,
158,150-499,3HAEUMMRXTL490069,3%,27,DVMS,,,,,,,,,,,,,,,,,,,,,,,,,,,,,,,,,,,,,,,#REF!,,,,,,,,,,,,,,,,,,,,,,,,,,,,,,,,,,,,,,,,,,,,0.06%,0.06%,0.06%,,,,,0.11%,0.07%,,,,,,,,,,,,,,,,,,,,,,,,,,,,,,,,,,,,,,,,,,,,,,,,,,,,,,,,,,,,,,,,,,,,,,,,,,,,
159,150-500,3HAEUMMRXTL488807,3%,28,DVMS,,,,,,,,,,,,,,,,,,,,,,,,,,,,,,,,,,,,,,,#REF!,,,,,,,,,,,,,,,,,,,,,,,,,,,,,,,,,,,,,,,,,,,,0.06%,0.06%,0.06%,,,,,0.11%,0.07%,,,,,,,,,,,,,,,,,,,,,,,,,,,,,,,,,,,,,,,,,,,,,,,,,,,,,,,,,,,,,,,,,,,,,,,,,,,,
160,150-501,3HAEUMMR9TL490127,3%,1,DVMC,,,,,,,,,,,,,,,,,,,,,,,,,,,,,,,,,,,,,,,#REF!,,,,,,,,,,,,,,,,,,,,,,,,,,,,,,,,,,,,,,,,,,,,0.06%,0.06%,0.06%,,,,,0.11%,0.07%,,,,,,,,,,,,,,,,,,,,,,,,,,,,,,,,,,,,,,,,,,,,,,,,,,,,,,,,,,,,,,,,,,,,,,,,,,,,
161,150-502,3HAEUMMR7TL490126,5%,2,DVMC,,,,,,,0.02%,,,0.13%,0.19%,,,,,,,,,,,,,,,,,,,,,,,,,,,,#REF!,,,,,,,,,,,,,,,,,,,,,,,,,,,,,,,,,,,,,,,,,,,,0.06%,0.06%,0.06%,,,,,0.11%,0.07%,,,,,,,,,,,,,,,,,,,,,,,,,,,,,,,,,,,,,,,,,,,,,,,,,,,,,,,,,,,,,,,,,,,,,,,,,,,,
162,150-503,3HAEUMMR6TL490277,5%,3,DVMC,,,,,,,0.02%,,0.04%,,0.19%,,,,,,,,,,,,,,,,,,,,,,,,,,,,#REF!,,,,,,,,,,,,,,,,,,,,,,,,,,,,,,,,,,,,,,,,,,,,0.06%,0.06%,0.06%,,,,,0.11%,0.07%,,,,,,,,,,,,,,,,,,,,,,,,,,,,,,,,,,,,,,,,,,,,,,,,,,,,,,,,,,,,,,,,,,,,,,,,,,,,
163,150-504,3HAEUMMR6TL490070,5%,4,DVMC,,,,,,,0.02%,,,0.13%,0.19%,,,,,,,,,,,,,,,,,,,,,,,,,,,,#REF!,,,,,,,,,,,,,,,,,,,,,,,,,,,,,,,,,,,,,,,,,,,,0.06%,0.06%,0.06%,,,,,0.11%,0.07%,,,,,,,,,,,,,,,,,,,,,,,,,,,,,,,,,,,,,,,,,,,,,,,,,,,,,,,,,,,,,,,,,,,,,,,,,,,,
164,150-505,3HAEUMMR3TL489832,3%,5,DVMC,,,,,,,,,,,,,,,,,,,,,,,,,,,,,,,,,,,,,,,#REF!,,,,,,,,,,,,,,,,,,,,,,,,,,,,,,,,,,,,,,,,,,,,0.06%,0.06%,0.06%,,,,,0.11%,0.07%,,,,,,,,,,,,,,,,,,,,,,,,,,,,,,,,,,,,,,,,,,,,,,,,,,,,,,,,,,,,,,,,,,,,,,,,,,,,
165,150-506,3HAEUMMR3TL489524,3%,6,DVMC,,,,,,,,,,,,,,,,,,,,,,,,,,,,,,,,,,,,,,,#REF!,,,,,,,,,,,,,,,,,,,,,,,,,,,,,,,,,,,,,,,,,,,,0.06%,0.06%,0.06%,,,,,0.11%,0.07%,,,,,,,,,,,,,,,,,,,,,,,,,,,,,,,,,,,,,,,,,,,,,,,,,,,,,,,,,,,,,,,,,,,,,,,,,,,,
166,150-507,3HAEUMMR3TL489068,3%,7,DVMC,,,,,,,,,,,,,,,,,,,,,,,,,,,,,,,,,,,,,,,#REF!,,,,,,,,,,,,,,,,,,,,,,,,,,,,,,,,,,,,,,,,,,,,0.06%,0.06%,0.06%,,,,,0.11%,0.07%,,,,,,,,,,,,,,,,,,,,,,,,,,,,,,,,,,,,,,,,,,,,,,,,,,,,,,,,,,,,,,,,,,,,,,,,,,,,
167,150-508,3HAEUMMR2TL490034,3%,8,DVMC,,,,,,,,,,,,,,,,,,,,,,,,,,,,,,,,,,,,,,,#REF!,,,,,,,,,,,,,,,,,,,,,,,,,,,,,,,,,,,,,,,,,,,,0.06%,0.06%,0.06%,,,,,0.11%,0.07%,,,,,,,,,,,,,,,,,,,,,,,,,,,,,,,,,,,,,,,,,,,,,,,,,,,,,,,,,,,,,,,,,,,,,,,,,,,,
168,150-509,3HAEUMMR1TL489831,3%,9,DVMC,,,,,,,,,,,,,,,,,,,,,,,,,,,,,,,,,,,,,,,#REF!,,,,,,,,,,,,,,,,,,,,,,,,,,,,,,,,,,,,,,,,,,,,0.06%,0.06%,0.06%,,,,,0.11%,0.07%,,,,,,,,,,,,,,,,,,,,,,,,,,,,,,,,,,,,,,,,,,,,,,,,,,,,,,,,,,,,,,,,,,,,,,,,,,,,
169,150-510,3HAEUMMR1TL489523,3%,10,DVMC,,,,,,,,,,,,,,,,,,,,,,,,,,,,,,,,,,,,,,,#REF!,,,,,,,,,,,,,,,,,,,,,,,,,,,,,,,,,,,,,,,,,,,,0.06%,0.06%,0.06%,,,,,0.11%,0.07%,,,,,,,,,,,,,,,,,,,,,,,,,,,,,,,,,,,,,,,,,,,,,,,,,,,,,,,,,,,,,,,,,,,,,,,,,,,,
170,150-511,3HAEUMMR1TL489067,3%,11,DVMC,,,,,,,,,,,,,,,,,,,,,,,,,,,,,,,,,,,,,,,#REF!,,,,,,,,,,,,,,,,,,,,,,,,,,,,,,,,,,,,,,,,,,,,0.06%,0.06%,0.06%,,,,,0.11%,0.07%,,,,,,,,,,,,,,,,,,,,,,,,,,,,,,,,,,,,,,,,,,,,,,,,,,,,,,,,,,,,,,,,,,,,,,,,,,,,